Age,Sex,Job,job_desc,Housing,Saving_accounts,Checking_account,Credit_amount,Duration,Purpose,default_flag,age_band,amount_per_month,checking_missing,amount_vs_purpose_avg,amount_per_age,long_term_loan,high_amount,thin_file
21,female,2,skilled,own,moderate,NA,10144,60,radio/TV,0,under_30,169.1,1,7656.0,483.0,1,1,0
21,female,2,skilled,rent,NA,NA,1126,18,radio/TV,0,under_30,62.6,1,-1362.0,53.6,0,0,1
21,male,2,skilled,own,little,NA,15653,60,radio/TV,0,under_30,260.9,1,13165.0,745.4,1,1,0
21,female,2,skilled,own,NA,NA,886,12,radio/TV,0,under_30,73.8,1,-1602.0,42.2,0,0,1
22,male,2,skilled,own,little,NA,1478,9,radio/TV,1,under_30,164.2,1,-1010.0,67.2,0,0,0
22,female,2,skilled,rent,little,NA,433,18,radio/TV,1,under_30,24.1,1,-2055.0,19.7,0,0,0
24,female,2,skilled,own,little,NA,932,6,radio/TV,0,under_30,155.3,1,-1556.0,38.8,0,0,0
24,male,2,skilled,own,little,NA,1800,18,radio/TV,0,under_30,100.0,1,-688.0,75.0,0,0,0
24,female,2,skilled,rent,little,NA,1554,6,radio/TV,0,under_30,259.0,1,-934.0,64.8,0,0,0
25,male,2,skilled,own,little,NA,1262,12,radio/TV,0,under_30,105.2,1,-1226.0,50.5,0,0,0
25,female,2,skilled,own,NA,NA,2394,36,radio/TV,0,under_30,66.5,1,-94.0,95.8,1,0,1
25,male,2,skilled,own,NA,NA,999,24,radio/TV,0,under_30,41.6,1,-1489.0,40.0,0,0,1
25,female,2,skilled,own,little,NA,2238,18,radio/TV,0,under_30,124.3,1,-250.0,89.5,0,0,0
25,male,2,skilled,own,NA,NA,3105,24,radio/TV,0,under_30,129.4,1,617.0,124.2,0,0,1
25,female,2,skilled,own,little,NA,5771,30,radio/TV,0,under_30,192.4,1,3283.0,230.8,1,1,0
26,female,2,skilled,own,little,NA,3181,24,radio/TV,0,under_30,132.5,1,693.0,122.3,0,0,0
26,female,2,skilled,own,little,NA,2404,18,radio/TV,0,under_30,133.6,1,-84.0,92.5,0,0,0
26,male,3,highly_skilled,own,little,NA,4463,36,radio/TV,1,under_30,124.0,1,1975.0,171.7,1,1,0
26,male,3,highly_skilled,own,quite rich,NA,3235,24,radio/TV,0,under_30,134.8,1,747.0,124.4,0,0,0
26,male,2,skilled,own,little,NA,1934,12,radio/TV,0,under_30,161.2,1,-554.0,74.4,0,0,0
26,male,2,skilled,own,moderate,NA,1311,24,radio/TV,0,under_30,54.6,1,-1177.0,50.4,0,0,0
26,female,3,highly_skilled,rent,little,NA,4530,30,radio/TV,0,under_30,151.0,1,2042.0,174.2,1,1,0
26,female,2,skilled,own,little,NA,1453,18,radio/TV,0,under_30,80.7,1,-1035.0,55.9,0,0,0
27,female,2,skilled,own,moderate,NA,1237,6,radio/TV,0,under_30,206.2,1,-1251.0,45.8,0,0,0
28,female,2,skilled,own,moderate,NA,2073,12,radio/TV,0,under_30,172.8,1,-415.0,74.0,0,0,0
28,female,2,skilled,own,little,NA,1382,6,radio/TV,0,under_30,230.3,1,-1106.0,49.4,0,0,0
28,male,2,skilled,own,little,NA,776,12,radio/TV,0,under_30,64.7,1,-1712.0,27.7,0,0,0
28,male,2,skilled,own,little,NA,1413,24,radio/TV,0,under_30,58.9,1,-1075.0,50.5,0,0,0
28,female,2,skilled,own,quite rich,NA,1376,24,radio/TV,0,under_30,57.3,1,-1112.0,49.1,0,0,0
28,male,2,skilled,own,little,NA,2284,24,radio/TV,0,under_30,95.2,1,-204.0,81.6,0,0,0
28,male,2,skilled,own,little,NA,3595,36,radio/TV,0,under_30,99.9,1,1107.0,128.4,1,0,0
29,female,2,skilled,own,little,NA,2171,12,radio/TV,0,under_30,180.9,1,-317.0,74.9,0,0,0
29,male,2,skilled,rent,little,NA,2108,6,radio/TV,0,under_30,351.3,1,-380.0,72.7,0,0,0
29,male,3,highly_skilled,rent,moderate,NA,1901,24,radio/TV,0,under_30,79.2,1,-587.0,65.6,0,0,0
29,male,2,skilled,own,little,NA,2743,28,radio/TV,0,under_30,98.0,1,255.0,94.6,1,0,0
29,female,2,skilled,own,little,NA,518,6,radio/TV,0,under_30,86.3,1,-1970.0,17.9,0,0,0
29,male,2,skilled,own,NA,NA,1169,18,radio/TV,0,under_30,64.9,1,-1319.0,40.3,0,0,1
29,male,2,skilled,rent,NA,NA,7166,42,radio/TV,0,under_30,170.6,1,4678.0,247.1,1,1,1
30,male,3,highly_skilled,own,quite rich,NA,2333,30,radio/TV,0,30_39,77.8,1,-155.0,77.8,1,0,0
30,male,2,skilled,own,little,NA,707,12,radio/TV,0,30_39,58.9,1,-1781.0,23.6,0,0,0
30,male,2,skilled,rent,little,NA,1740,6,radio/TV,0,30_39,290.0,1,-748.0,58.0,0,0,0
31,male,2,skilled,own,quite rich,NA,3430,24,radio/TV,0,30_39,142.9,1,942.0,110.6,0,0,0
31,female,2,skilled,own,little,NA,9566,36,radio/TV,0,30_39,265.7,1,7078.0,308.6,1,1,0
31,male,3,highly_skilled,rent,little,NA,1963,12,radio/TV,0,30_39,163.6,1,-525.0,63.3,0,0,0
31,male,2,skilled,own,little,NA,1360,15,radio/TV,0,30_39,90.7,1,-1128.0,43.9,0,0,0
31,male,2,skilled,own,moderate,NA,3621,24,radio/TV,1,30_39,150.9,1,1133.0,116.8,0,0,0
32,male,2,skilled,own,little,NA,2697,9,radio/TV,0,30_39,299.7,1,209.0,84.3,0,0,0
32,male,2,skilled,own,little,NA,4594,18,radio/TV,0,30_39,255.2,1,2106.0,143.6,0,1,0
32,male,2,skilled,own,NA,NA,7238,48,radio/TV,0,30_39,150.8,1,4750.0,226.2,1,1,1
32,male,2,skilled,own,little,NA,1552,24,radio/TV,0,30_39,64.7,1,-936.0,48.5,0,0,0
32,male,3,highly_skilled,own,quite rich,NA,629,18,radio/TV,0,30_39,34.9,1,-1859.0,19.7,0,0,0
32,male,3,highly_skilled,free,little,NA,1505,18,radio/TV,0,30_39,83.6,1,-983.0,47.0,0,0,0
33,female,1,unskilled_resident,own,NA,NA,797,12,radio/TV,1,30_39,66.4,1,-1691.0,24.2,0,0,1
33,male,2,skilled,own,NA,NA,3074,9,radio/TV,0,30_39,341.6,1,586.0,93.2,0,0,1
33,male,2,skilled,own,little,NA,6070,18,radio/TV,0,30_39,337.2,1,3582.0,183.9,0,1,0
33,male,2,skilled,own,little,NA,2051,18,radio/TV,0,30_39,113.9,1,-437.0,62.2,0,0,0
33,male,2,skilled,own,little,NA,1851,24,radio/TV,0,30_39,77.1,1,-637.0,56.1,0,0,0
33,male,2,skilled,own,little,NA,1478,15,radio/TV,0,30_39,98.5,1,-1010.0,44.8,0,0,0
33,female,2,skilled,own,little,NA,2831,30,radio/TV,0,30_39,94.4,1,343.0,85.8,1,0,0
34,male,1,unskilled_resident,own,NA,NA,1898,6,radio/TV,0,30_39,316.3,1,-590.0,55.8,0,0,1
34,male,2,skilled,own,little,NA,2320,18,radio/TV,0,30_39,128.9,1,-168.0,68.2,0,0,0
34,male,2,skilled,own,rich,NA,2578,24,radio/TV,0,30_39,107.4,1,90.0,75.8,0,0,0
34,female,2,skilled,own,little,NA,1493,12,radio/TV,0,30_39,124.4,1,-995.0,43.9,0,0,0
34,female,2,skilled,own,little,NA,4454,36,radio/TV,0,30_39,123.7,1,1966.0,131.0,1,1,0
34,male,1,unskilled_resident,own,moderate,NA,1569,15,radio/TV,0,30_39,104.6,1,-919.0,46.1,0,0,0
35,male,2,skilled,own,moderate,NA,2141,12,radio/TV,0,30_39,178.4,1,-347.0,61.2,0,0,0
35,female,2,skilled,own,little,NA,1291,12,radio/TV,0,30_39,107.6,1,-1197.0,36.9,0,0,0
35,male,1,unskilled_resident,own,little,NA,2684,24,radio/TV,0,30_39,111.8,1,196.0,76.7,0,0,0
35,male,2,skilled,own,NA,NA,1979,15,radio/TV,0,30_39,131.9,1,-509.0,56.5,0,0,1
35,male,2,skilled,own,moderate,NA,2753,9,radio/TV,0,30_39,305.9,1,265.0,78.7,0,0,0
35,male,2,skilled,own,NA,NA,976,12,radio/TV,0,30_39,81.3,1,-1512.0,27.9,0,0,1
35,male,2,skilled,free,little,NA,1471,15,radio/TV,0,30_39,98.1,1,-1017.0,42.0,0,0,0
35,male,2,skilled,own,quite rich,NA,2397,24,radio/TV,1,30_39,99.9,1,-91.0,68.5,0,0,0
36,male,2,skilled,own,moderate,NA,2872,24,radio/TV,0,30_39,119.7,1,384.0,79.8,0,0,0
36,male,2,skilled,free,NA,NA,846,7,radio/TV,0,30_39,120.9,1,-1642.0,23.5,0,0,1
36,male,2,skilled,free,NA,NA,700,6,radio/TV,0,30_39,116.7,1,-1788.0,19.4,0,0,1
36,male,2,skilled,own,NA,NA,6742,30,radio/TV,0,30_39,224.7,1,4254.0,187.3,1,1,1
36,male,3,highly_skilled,own,little,NA,1278,24,radio/TV,0,30_39,53.3,1,-1210.0,35.5,0,0,0
37,male,2,skilled,own,NA,NA,10222,48,radio/TV,0,30_39,213.0,1,7734.0,276.3,1,1,1
37,male,2,skilled,free,NA,NA,2279,12,radio/TV,0,30_39,189.9,1,-209.0,61.6,0,0,1
37,male,3,highly_skilled,own,quite rich,NA,12749,48,radio/TV,0,30_39,265.6,1,10261.0,344.6,1,1,0
38,female,2,skilled,own,NA,NA,1240,12,radio/TV,0,30_39,103.3,1,-1248.0,32.6,0,0,1
38,male,2,skilled,own,little,NA,1924,10,radio/TV,0,30_39,192.4,1,-564.0,50.6,0,0,0
38,female,2,skilled,own,little,NA,1533,24,radio/TV,0,30_39,63.9,1,-955.0,40.3,0,0,0
38,male,2,skilled,own,little,NA,5954,30,radio/TV,0,30_39,198.5,1,3466.0,156.7,1,1,0
38,male,2,skilled,own,little,NA,804,12,radio/TV,0,30_39,67.0,1,-1684.0,21.2,0,0,0
39,male,1,unskilled_resident,own,little,NA,426,6,radio/TV,0,30_39,71.0,1,-2062.0,10.9,0,0,0
39,male,2,skilled,own,quite rich,NA,2299,36,radio/TV,0,30_39,63.9,1,-189.0,58.9,1,0,0
39,male,2,skilled,own,little,NA,1473,18,radio/TV,0,30_39,81.8,1,-1015.0,37.8,0,0,0
40,male,2,skilled,own,NA,NA,3077,30,radio/TV,0,40_49,102.6,1,589.0,76.9,1,0,1
40,male,2,skilled,own,quite rich,NA,2675,22,radio/TV,0,40_49,121.6,1,187.0,66.9,0,0,0
40,male,2,skilled,rent,NA,NA,1386,15,radio/TV,0,40_49,92.4,1,-1102.0,34.6,0,0,1
41,male,2,skilled,own,NA,NA,3160,21,radio/TV,0,40_49,150.5,1,672.0,77.1,0,0,1
42,male,2,skilled,free,moderate,NA,1346,6,radio/TV,0,40_49,224.3,1,-1142.0,32.0,0,0,0
42,male,1,unskilled_resident,own,little,NA,1544,4,radio/TV,0,40_49,386.0,1,-944.0,36.8,0,0,0
42,male,1,unskilled_resident,own,little,NA,1503,4,radio/TV,0,40_49,375.8,1,-985.0,35.8,0,0,0
42,male,2,skilled,own,quite rich,NA,522,12,radio/TV,0,40_49,43.5,1,-1966.0,12.4,0,0,0
43,female,1,unskilled_resident,own,little,NA,1459,15,radio/TV,0,40_49,97.3,1,-1029.0,33.9,0,0,0
43,female,1,unskilled_resident,own,rich,NA,1516,24,radio/TV,0,40_49,63.2,1,-972.0,35.3,0,0,0
44,female,2,skilled,own,NA,NA,5943,24,radio/TV,1,40_49,247.6,1,3455.0,135.1,0,1,1
45,female,1,unskilled_resident,own,NA,NA,3835,36,radio/TV,0,40_49,106.5,1,1347.0,85.2,1,0,1
45,male,1,unskilled_resident,own,quite rich,NA,1750,6,radio/TV,0,40_49,291.7,1,-738.0,38.9,0,0,0
46,male,1,unskilled_resident,rent,NA,NA,730,7,radio/TV,0,40_49,104.3,1,-1758.0,15.9,0,0,1
46,male,2,skilled,own,rich,NA,1582,18,radio/TV,0,40_49,87.9,1,-906.0,34.4,0,0,0
46,male,2,skilled,own,rich,NA,1149,18,radio/TV,0,40_49,63.8,1,-1339.0,25.0,0,0,0
46,male,2,skilled,own,little,NA,2611,24,radio/TV,0,40_49,108.8,1,123.0,56.8,0,0,0
46,male,2,skilled,own,little,NA,1829,15,radio/TV,0,40_49,121.9,1,-659.0,39.8,0,0,0
47,male,2,skilled,own,quite rich,NA,1213,15,radio/TV,0,40_49,80.9,1,-1275.0,25.8,0,0,0
47,male,2,skilled,own,NA,NA,3578,48,radio/TV,0,40_49,74.5,1,1090.0,76.1,1,0,1
47,male,2,skilled,free,little,NA,5103,24,radio/TV,0,40_49,212.6,1,2615.0,108.6,0,1,0
47,male,1,unskilled_resident,own,quite rich,NA,1316,15,radio/TV,0,40_49,87.7,1,-1172.0,28.0,0,0,0
49,male,2,skilled,own,NA,NA,2331,12,radio/TV,0,40_49,194.3,1,-157.0,47.6,0,0,1
51,male,2,skilled,own,NA,NA,3342,36,radio/TV,0,50_plus,92.8,1,854.0,65.5,1,0,1
51,male,2,skilled,own,little,NA,1595,6,radio/TV,0,50_plus,265.8,1,-893.0,31.3,0,0,0
52,male,2,skilled,own,little,NA,717,12,radio/TV,0,50_plus,59.8,1,-1771.0,13.8,0,0,0
52,male,2,skilled,own,little,NA,3077,12,radio/TV,0,50_plus,256.4,1,589.0,59.2,0,0,0
52,male,2,skilled,own,moderate,NA,2223,24,radio/TV,0,50_plus,92.6,1,-265.0,42.8,0,0,0
53,male,2,skilled,own,NA,NA,2424,24,radio/TV,0,50_plus,101.0,1,-64.0,45.7,0,0,1
54,female,3,highly_skilled,rent,little,NA,3568,15,radio/TV,0,50_plus,237.9,1,1080.0,66.1,0,0,0
56,male,2,skilled,own,little,NA,618,12,radio/TV,0,50_plus,51.5,1,-1870.0,11.0,0,0,0
57,female,1,unskilled_resident,own,moderate,NA,1154,11,radio/TV,0,50_plus,104.9,1,-1334.0,20.2,0,0,0
58,male,2,skilled,own,NA,NA,1867,30,radio/TV,0,50_plus,62.2,1,-621.0,32.2,1,0,1
61,male,1,unskilled_resident,own,rich,NA,3059,12,radio/TV,0,50_plus,254.9,1,571.0,50.1,0,0,0
63,male,1,unskilled_resident,own,little,NA,1655,12,radio/TV,0,50_plus,137.9,1,-833.0,26.3,0,0,0
64,female,2,skilled,own,moderate,NA,1409,13,radio/TV,0,50_plus,108.4,1,-1079.0,22.0,0,0,0
65,male,2,skilled,own,NA,NA,930,12,radio/TV,0,50_plus,77.5,1,-1558.0,14.3,0,0,1
65,female,0,unskilled_non_resident,own,little,NA,1098,18,radio/TV,0,50_plus,61.0,1,-1390.0,16.9,0,0,0
20,male,2,skilled,own,moderate,little,674,12,radio/TV,1,under_30,56.2,0,-1814.0,33.7,0,0,0
20,male,3,highly_skilled,rent,little,little,1107,12,radio/TV,0,under_30,92.3,0,-1381.0,55.4,0,0,0
21,male,1,unskilled_resident,rent,little,little,1987,24,radio/TV,1,under_30,82.8,0,-501.0,94.6,0,0,0
22,female,2,skilled,rent,little,little,1366,9,radio/TV,1,under_30,151.8,0,-1122.0,62.1,0,0,0
23,female,2,skilled,own,little,little,1498,12,radio/TV,0,under_30,124.8,0,-990.0,65.1,0,0,0
23,male,1,unskilled_resident,rent,NA,little,1936,18,radio/TV,0,under_30,107.6,0,-552.0,84.2,0,0,0
23,male,2,skilled,free,little,little,1845,45,radio/TV,1,under_30,41.0,0,-643.0,80.2,1,0,0
24,female,2,skilled,own,little,little,3190,18,radio/TV,1,under_30,177.2,0,702.0,132.9,0,0,0
24,female,1,unskilled_resident,own,little,little,626,12,radio/TV,1,under_30,52.2,0,-1862.0,26.1,0,0,0
24,male,1,unskilled_resident,rent,little,little,1546,24,radio/TV,1,under_30,64.4,0,-942.0,64.4,0,0,0
24,male,1,unskilled_resident,own,little,little,2214,12,radio/TV,0,under_30,184.5,0,-274.0,92.3,0,0,0
25,female,2,skilled,own,little,little,1835,21,radio/TV,1,under_30,87.4,0,-653.0,73.4,0,0,0
25,male,1,unskilled_resident,own,little,little,1138,9,radio/TV,0,under_30,126.4,0,-1350.0,45.5,0,0,0
25,female,2,skilled,rent,little,little,1882,18,radio/TV,1,under_30,104.6,0,-606.0,75.3,0,0,0
25,female,2,skilled,own,little,little,3509,18,radio/TV,0,under_30,194.9,0,1021.0,140.4,0,0,0
26,male,2,skilled,own,little,little,4370,42,radio/TV,1,under_30,104.0,0,1882.0,168.1,1,1,0
26,male,2,skilled,own,little,little,1345,18,radio/TV,1,under_30,74.7,0,-1143.0,51.7,0,0,0
27,male,3,highly_skilled,own,little,little,3416,27,radio/TV,0,under_30,126.5,0,928.0,126.5,1,0,0
27,male,2,skilled,own,little,little,1053,15,radio/TV,0,under_30,70.2,0,-1435.0,39.0,0,0,0
27,female,2,skilled,own,little,little,2389,18,radio/TV,0,under_30,132.7,0,-99.0,88.5,0,0,0
28,male,2,skilled,rent,little,little,6199,12,radio/TV,1,under_30,516.6,0,3711.0,221.4,0,1,0
28,female,2,skilled,own,little,little,3660,24,radio/TV,0,under_30,152.5,0,1172.0,130.7,0,0,0
28,female,3,highly_skilled,rent,little,little,2606,21,radio/TV,0,under_30,124.1,0,118.0,93.1,0,0,0
29,male,2,skilled,free,little,little,2149,12,radio/TV,1,under_30,179.1,0,-339.0,74.1,0,0,0
29,female,1,unskilled_resident,rent,little,little,1659,24,radio/TV,1,under_30,69.1,0,-829.0,57.2,0,0,0
29,female,2,skilled,own,rich,little,3357,21,radio/TV,0,under_30,159.9,0,869.0,115.8,0,0,0
30,female,3,highly_skilled,own,NA,little,7174,42,radio/TV,1,30_39,170.8,0,4686.0,239.1,1,1,0
30,male,3,highly_skilled,own,little,little,1823,24,radio/TV,1,30_39,76.0,0,-665.0,60.8,0,0,0
31,female,2,skilled,own,little,little,1957,6,radio/TV,0,30_39,326.2,0,-531.0,63.1,0,0,0
31,male,2,skilled,rent,little,little,2302,36,radio/TV,1,30_39,63.9,0,-186.0,74.3,1,0,0
31,female,2,skilled,own,little,little,6758,48,radio/TV,1,30_39,140.8,0,4270.0,218.0,1,1,0
32,female,1,unskilled_resident,own,moderate,little,1282,24,radio/TV,1,30_39,53.4,0,-1206.0,40.1,0,0,0
32,male,2,skilled,own,little,little,1938,24,radio/TV,1,30_39,80.8,0,-550.0,60.6,0,0,0
32,male,3,highly_skilled,own,little,little,1880,18,radio/TV,0,30_39,104.4,0,-608.0,58.8,0,0,0
33,male,1,unskilled_resident,own,moderate,little,727,12,radio/TV,1,30_39,60.6,0,-1761.0,22.0,0,0,0
34,male,2,skilled,own,little,little,3965,42,radio/TV,1,30_39,94.4,0,1477.0,116.6,1,0,0
34,male,2,skilled,own,little,little,6999,48,radio/TV,1,30_39,145.8,0,4511.0,205.9,1,1,0
35,male,2,skilled,own,quite rich,little,1680,12,radio/TV,0,30_39,140.0,0,-808.0,48.0,0,0,0
35,female,2,skilled,own,little,little,2439,24,radio/TV,1,30_39,101.6,0,-49.0,69.7,0,0,0
36,male,3,highly_skilled,free,little,little,1940,18,radio/TV,0,30_39,107.8,0,-548.0,53.9,0,0,0
39,male,2,skilled,own,little,little,2522,30,radio/TV,0,30_39,84.1,0,34.0,64.7,1,0,0
40,male,1,unskilled_resident,own,little,little,701,12,radio/TV,0,40_49,58.4,0,-1787.0,17.5,0,0,0
44,male,2,skilled,rent,quite rich,little,2647,6,radio/TV,0,40_49,441.2,0,159.0,60.2,0,0,0
48,male,2,skilled,own,little,little,1024,24,radio/TV,1,40_49,42.7,0,-1464.0,21.3,0,0,0
52,male,1,unskilled_resident,own,little,little,2315,10,radio/TV,0,50_plus,231.5,0,-173.0,44.5,0,0,0
52,male,2,skilled,own,quite rich,little,338,6,radio/TV,0,50_plus,56.3,0,-2150.0,6.5,0,0,0
55,female,2,skilled,own,little,little,1603,24,radio/TV,0,50_plus,66.8,0,-885.0,29.1,0,0,0
57,male,1,unskilled_resident,own,little,little,709,12,radio/TV,1,50_plus,59.1,0,-1779.0,12.4,0,0,0
57,female,3,highly_skilled,rent,rich,little,1231,24,radio/TV,0,50_plus,51.3,0,-1257.0,21.6,0,0,0
58,female,1,unskilled_resident,own,little,little,385,12,radio/TV,0,50_plus,32.1,0,-2103.0,6.6,0,0,0
59,male,2,skilled,own,little,little,1364,9,radio/TV,0,50_plus,151.6,0,-1124.0,23.1,0,0,0
64,male,1,unskilled_resident,rent,little,little,2384,24,radio/TV,0,50_plus,99.3,0,-104.0,37.3,0,0,0
65,male,2,skilled,free,little,little,2600,18,radio/TV,1,50_plus,144.4,0,112.0,40.0,0,0,0
67,male,2,skilled,own,NA,little,1169,6,radio/TV,0,50_plus,194.8,0,-1319.0,17.4,0,0,0
20,female,2,skilled,own,little,moderate,1967,24,radio/TV,0,under_30,82.0,0,-521.0,98.3,0,0,0
20,male,2,skilled,rent,little,moderate,585,12,radio/TV,0,under_30,48.8,0,-1903.0,29.3,0,0,0
21,male,2,skilled,rent,moderate,moderate,3031,45,radio/TV,1,under_30,67.4,0,543.0,144.3,1,0,0
22,female,2,skilled,own,little,moderate,5951,48,radio/TV,1,under_30,124.0,0,3463.0,270.5,1,1,0
22,female,2,skilled,own,little,moderate,1567,12,radio/TV,0,under_30,130.6,0,-921.0,71.2,0,0,0
22,male,2,skilled,own,little,moderate,2039,24,radio/TV,1,under_30,85.0,0,-449.0,92.7,0,0,0
22,male,2,skilled,rent,moderate,moderate,3092,24,radio/TV,1,under_30,128.8,0,604.0,140.5,0,0,0
22,male,2,skilled,own,little,moderate,1331,12,radio/TV,1,under_30,110.9,0,-1157.0,60.5,0,0,0
22,female,2,skilled,own,little,moderate,1670,9,radio/TV,1,under_30,185.6,0,-818.0,75.9,0,0,0
23,female,1,unskilled_resident,own,little,moderate,2101,13,radio/TV,0,under_30,161.6,0,-387.0,91.3,0,0,0
23,male,2,skilled,own,little,moderate,882,13,radio/TV,0,under_30,67.8,0,-1606.0,38.3,0,0,0
23,female,0,unskilled_non_resident,rent,quite rich,moderate,3758,24,radio/TV,0,under_30,156.6,0,1270.0,163.4,0,0,0
23,female,1,unskilled_resident,own,little,moderate,3573,12,radio/TV,0,under_30,297.8,0,1085.0,155.3,0,0,0
23,male,2,skilled,rent,little,moderate,1534,12,radio/TV,1,under_30,127.8,0,-954.0,66.7,0,0,0
23,female,2,skilled,rent,moderate,moderate,1553,24,radio/TV,0,under_30,64.7,0,-935.0,67.5,0,0,0
23,male,2,skilled,own,NA,moderate,1444,15,radio/TV,0,under_30,96.3,0,-1044.0,62.8,0,0,0
23,male,1,unskilled_resident,own,little,moderate,1048,10,radio/TV,0,under_30,104.8,0,-1440.0,45.6,0,0,0
23,male,1,unskilled_resident,own,quite rich,moderate,2520,27,radio/TV,1,under_30,93.3,0,32.0,109.6,1,0,0
24,male,2,skilled,own,little,moderate,458,9,radio/TV,0,under_30,50.9,0,-2030.0,19.1,0,0,0
24,male,2,skilled,rent,little,moderate,2323,36,radio/TV,0,under_30,64.5,0,-165.0,96.8,1,0,0
24,male,2,skilled,own,moderate,moderate,5595,72,radio/TV,1,under_30,77.7,0,3107.0,233.1,1,1,0
25,male,1,unskilled_resident,own,little,moderate,4746,45,radio/TV,1,under_30,105.5,0,2258.0,189.8,1,1,0
25,male,1,unskilled_resident,own,little,moderate,866,18,radio/TV,0,under_30,48.1,0,-1622.0,34.6,0,0,0
25,male,2,skilled,rent,quite rich,moderate,3213,18,radio/TV,0,under_30,178.5,0,725.0,128.5,0,0,0
25,male,2,skilled,own,NA,moderate,1484,12,radio/TV,1,under_30,123.7,0,-1004.0,59.4,0,0,0
25,female,2,skilled,own,little,moderate,1206,9,radio/TV,0,under_30,134.0,0,-1282.0,48.2,0,0,0
25,male,2,skilled,own,little,moderate,4933,39,radio/TV,1,under_30,126.5,0,2445.0,197.3,1,1,0
25,female,2,skilled,own,NA,moderate,2991,30,radio/TV,0,under_30,99.7,0,503.0,119.6,1,0,0
26,male,2,skilled,own,quite rich,moderate,1158,12,radio/TV,0,under_30,96.5,0,-1330.0,44.5,0,0,0
26,male,1,unskilled_resident,own,little,moderate,625,12,radio/TV,0,under_30,52.1,0,-1863.0,24.0,0,0,0
26,female,1,unskilled_resident,own,little,moderate,1113,18,radio/TV,0,under_30,61.8,0,-1375.0,42.8,0,0,0
26,male,1,unskilled_resident,own,little,moderate,590,6,radio/TV,0,under_30,98.3,0,-1898.0,22.7,0,0,0
26,female,2,skilled,own,NA,moderate,1715,30,radio/TV,0,under_30,57.2,0,-773.0,66.0,1,0,0
27,male,2,skilled,own,rich,moderate,10961,48,radio/TV,1,under_30,228.4,0,8473.0,406.0,1,1,0
27,male,1,unskilled_resident,own,NA,moderate,7418,60,radio/TV,0,under_30,123.6,0,4930.0,274.7,1,1,0
27,male,1,unskilled_resident,own,little,moderate,1082,9,radio/TV,0,under_30,120.2,0,-1406.0,40.1,0,0,0
27,female,2,skilled,own,little,moderate,2930,12,radio/TV,0,under_30,244.2,0,442.0,108.5,0,0,0
27,male,3,highly_skilled,free,NA,moderate,9157,60,radio/TV,0,under_30,152.6,0,6669.0,339.1,1,1,0
28,male,2,skilled,own,little,moderate,3060,48,radio/TV,1,under_30,63.8,0,572.0,109.3,1,0,0
28,male,2,skilled,own,little,moderate,1068,6,radio/TV,0,under_30,178.0,0,-1420.0,38.1,0,0,0
28,male,1,unskilled_resident,own,little,moderate,484,6,radio/TV,0,under_30,80.7,0,-2004.0,17.3,0,0,0
29,male,2,skilled,own,moderate,moderate,2896,24,radio/TV,0,under_30,120.7,0,408.0,99.9,0,0,0
29,male,2,skilled,own,little,moderate,1103,12,radio/TV,0,under_30,91.9,0,-1385.0,38.0,0,0,0
30,female,3,highly_skilled,own,little,moderate,4795,36,radio/TV,0,30_39,133.2,0,2307.0,159.8,1,1,0
30,male,3,highly_skilled,own,moderate,moderate,1919,30,radio/TV,1,30_39,64.0,0,-569.0,64.0,1,0,0
30,male,3,highly_skilled,rent,little,moderate,2063,6,radio/TV,0,30_39,343.8,0,-425.0,68.8,0,0,0
32,male,1,unskilled_resident,own,little,moderate,1301,18,radio/TV,0,30_39,72.3,0,-1187.0,40.7,0,0,0
33,male,2,skilled,own,little,moderate,1414,8,radio/TV,0,30_39,176.8,0,-1074.0,42.8,0,0,0
33,male,2,skilled,own,little,moderate,1245,18,radio/TV,1,30_39,69.2,0,-1243.0,37.7,0,0,0
33,male,2,skilled,own,little,moderate,6403,24,radio/TV,0,30_39,266.8,0,3915.0,194.0,0,1,0
34,male,2,skilled,own,little,moderate,2415,7,radio/TV,0,30_39,345.0,0,-73.0,71.0,0,0,0
35,male,2,skilled,own,NA,moderate,2728,15,radio/TV,0,30_39,181.9,0,240.0,77.9,0,0,0
35,male,2,skilled,own,little,moderate,2576,7,radio/TV,0,30_39,368.0,0,88.0,73.6,0,0,0
36,male,2,skilled,own,little,moderate,2337,36,radio/TV,0,30_39,64.9,0,-151.0,64.9,1,0,0
37,male,2,skilled,own,little,moderate,802,15,radio/TV,1,30_39,53.5,0,-1686.0,21.7,0,0,0
37,male,1,unskilled_resident,own,little,moderate,2118,9,radio/TV,0,30_39,235.3,0,-370.0,57.2,0,0,0
37,male,1,unskilled_resident,own,little,moderate,1154,9,radio/TV,0,30_39,128.2,0,-1334.0,31.2,0,0,0
38,male,2,skilled,own,NA,moderate,368,6,radio/TV,0,30_39,61.3,0,-2120.0,9.7,0,0,0
38,male,2,skilled,own,moderate,moderate,1216,24,radio/TV,1,30_39,50.7,0,-1272.0,32.0,0,0,0
40,male,1,unskilled_resident,own,little,moderate,1155,12,radio/TV,0,40_49,96.3,0,-1333.0,28.9,0,0,0
41,male,2,skilled,own,NA,moderate,3979,48,radio/TV,0,40_49,82.9,0,1491.0,97.0,1,1,0
42,female,2,skilled,own,little,moderate,3804,36,radio/TV,1,40_49,105.7,0,1316.0,90.6,1,0,0
42,female,2,skilled,own,NA,moderate,5084,24,radio/TV,0,40_49,211.8,0,2596.0,121.0,0,1,0
44,female,1,unskilled_resident,own,little,moderate,760,8,radio/TV,0,40_49,95.0,0,-1728.0,17.3,0,0,0
45,female,2,skilled,own,little,moderate,2329,7,radio/TV,0,40_49,332.7,0,-159.0,51.8,0,0,0
48,female,1,unskilled_resident,rent,little,moderate,1795,18,radio/TV,0,40_49,99.7,0,-693.0,37.4,0,0,0
48,male,1,unskilled_resident,own,little,moderate,1743,24,radio/TV,0,40_49,72.6,0,-745.0,36.3,0,0,0
49,female,2,skilled,own,little,moderate,1092,12,radio/TV,0,40_49,91.0,0,-1396.0,22.3,0,0,0
50,male,2,skilled,own,NA,moderate,1537,15,radio/TV,0,50_plus,102.5,0,-951.0,30.7,0,0,0
50,female,2,skilled,free,moderate,moderate,2671,36,radio/TV,1,50_plus,74.2,0,183.0,53.4,1,0,0
51,male,2,skilled,own,little,moderate,4771,11,radio/TV,0,50_plus,433.7,0,2283.0,93.5,0,1,0
52,male,3,highly_skilled,own,NA,moderate,6468,12,radio/TV,1,50_plus,539.0,0,3980.0,124.4,0,1,0
64,female,2,skilled,own,little,moderate,753,6,radio/TV,0,50_plus,125.5,0,-1735.0,11.8,0,0,0
66,male,1,unskilled_resident,own,quite rich,moderate,766,12,radio/TV,1,50_plus,63.8,0,-1722.0,11.6,0,0,0
66,female,1,unskilled_resident,own,quite rich,moderate,790,9,radio/TV,0,50_plus,87.8,0,-1698.0,12.0,0,0,0
23,male,2,skilled,own,little,rich,3913,36,radio/TV,0,under_30,108.7,0,1425.0,170.1,1,0,0
23,male,2,skilled,rent,little,rich,1297,12,radio/TV,0,under_30,108.1,0,-1191.0,56.4,0,0,0
24,male,2,skilled,own,little,rich,5848,36,radio/TV,0,under_30,162.4,0,3360.0,243.7,1,1,0
24,male,2,skilled,own,little,rich,3016,12,radio/TV,0,under_30,251.3,0,528.0,125.7,0,0,0
25,male,2,skilled,own,little,rich,5152,24,radio/TV,0,under_30,214.7,0,2664.0,206.1,0,1,0
25,female,1,unskilled_resident,own,little,rich,2327,15,radio/TV,1,under_30,155.1,0,-161.0,93.1,0,0,0
26,male,2,skilled,own,little,rich,4210,36,radio/TV,1,under_30,116.9,0,1722.0,161.9,1,1,0
27,male,2,skilled,own,NA,rich,1347,10,radio/TV,0,under_30,134.7,0,-1141.0,49.9,0,0,0
28,female,1,unskilled_resident,own,little,rich,745,9,radio/TV,1,under_30,82.8,0,-1743.0,26.6,0,0,0
29,female,2,skilled,own,little,rich,683,6,radio/TV,0,under_30,113.8,0,-1805.0,23.6,0,0,0
31,male,2,skilled,own,little,rich,4473,36,radio/TV,0,30_39,124.3,0,1985.0,144.3,1,1,0
31,male,2,skilled,own,NA,rich,3148,24,radio/TV,0,30_39,131.2,0,660.0,101.5,0,0,0
34,male,3,highly_skilled,own,little,rich,1337,9,radio/TV,1,30_39,148.6,0,-1151.0,39.3,0,0,0
37,male,2,skilled,own,little,rich,2100,18,radio/TV,1,30_39,116.7,0,-388.0,56.8,0,0,0
37,male,3,highly_skilled,own,NA,rich,3399,12,radio/TV,0,30_39,283.3,0,911.0,91.9,0,0,0
39,male,2,skilled,free,NA,rich,1271,15,radio/TV,1,30_39,84.7,0,-1217.0,32.6,0,0,0
42,female,2,skilled,rent,rich,rich,409,12,radio/TV,0,40_49,34.1,0,-2079.0,9.7,0,0,0
44,female,1,unskilled_resident,rent,little,rich,1881,12,radio/TV,0,40_49,156.8,0,-607.0,42.8,0,0,0
47,male,2,skilled,own,little,rich,3017,30,radio/TV,0,40_49,100.6,0,529.0,64.2,1,0,0
47,female,2,skilled,free,moderate,rich,1377,24,radio/TV,0,40_49,57.4,0,-1111.0,29.3,0,0,0
49,male,1,unskilled_resident,own,NA,rich,1445,18,radio/TV,0,40_49,80.3,0,-1043.0,29.5,0,0,0
49,male,2,skilled,own,moderate,rich,1126,9,radio/TV,0,40_49,125.1,0,-1362.0,23.0,0,0,0
49,male,1,unskilled_resident,own,NA,rich,3656,30,radio/TV,0,40_49,121.9,0,1168.0,74.6,1,0,0
57,female,1,unskilled_resident,own,quite rich,rich,1258,24,radio/TV,0,50_plus,52.4,0,-1230.0,22.1,0,0,0
27,male,3,highly_skilled,own,little,NA,6314,24,vacation/others,0,under_30,263.1,1,-1895.0,233.9,0,1,0
40,male,3,highly_skilled,own,NA,little,1358,24,vacation/others,1,40_49,56.6,0,-6851.0,34.0,0,0,0
43,male,3,highly_skilled,own,little,little,15857,36,vacation/others,0,40_49,440.5,0,7648.0,368.8,1,1,0
51,male,3,highly_skilled,free,little,little,1164,8,vacation/others,0,50_plus,145.5,0,-7045.0,22.8,0,0,0
58,female,1,unskilled_resident,own,little,little,1755,24,vacation/others,0,50_plus,73.1,0,-6454.0,30.3,0,0,0
29,male,3,highly_skilled,own,little,moderate,11328,24,vacation/others,1,under_30,472.0,0,3119.0,390.6,0,1,0
29,male,2,skilled,own,little,moderate,2629,20,vacation/others,0,under_30,131.4,0,-5580.0,90.7,0,0,0
31,male,3,highly_skilled,free,moderate,moderate,7582,48,vacation/others,0,30_39,158.0,0,-627.0,244.6,1,1,0
32,female,3,highly_skilled,own,little,moderate,18424,48,vacation/others,1,30_39,383.8,0,10215.0,575.8,1,1,0
39,male,3,highly_skilled,own,little,moderate,11938,24,vacation/others,1,30_39,497.4,0,3729.0,306.1,0,1,0
40,male,0,unskilled_non_resident,free,NA,moderate,5381,48,vacation/others,0,40_49,112.1,0,-2828.0,134.5,1,1,0
60,female,3,highly_skilled,free,moderate,moderate,14782,60,vacation/others,1,50_plus,246.4,0,6573.0,246.4,1,1,0
19,female,2,skilled,rent,little,NA,1980,9,furniture/equipment,1,under_30,220.0,1,-1087.0,104.2,0,0,0
20,male,2,skilled,own,little,NA,1313,9,furniture/equipment,0,under_30,145.9,1,-1754.0,65.7,0,0,0
20,female,2,skilled,rent,quite rich,NA,2221,15,furniture/equipment,0,under_30,148.1,1,-846.0,111.0,0,0,0
21,male,2,skilled,rent,little,NA,1766,6,furniture/equipment,0,under_30,294.3,1,-1301.0,84.1,0,0,0
22,female,2,skilled,own,little,NA,1808,18,furniture/equipment,1,under_30,100.4,1,-1259.0,82.2,0,0,0
22,female,2,skilled,rent,moderate,NA,2301,9,furniture/equipment,0,under_30,255.7,1,-766.0,104.6,0,0,0
22,female,1,unskilled_resident,rent,little,NA,1258,12,furniture/equipment,0,under_30,104.8,1,-1809.0,57.2,0,0,0
23,female,2,skilled,own,little,NA,2288,21,furniture/equipment,0,under_30,109.0,1,-779.0,99.5,0,0,0
23,female,2,skilled,rent,little,NA,2146,10,furniture/equipment,0,under_30,214.6,1,-921.0,93.3,0,0,0
23,female,2,skilled,rent,little,NA,7127,36,furniture/equipment,1,under_30,198.0,1,4060.0,309.9,1,1,0
23,female,1,unskilled_resident,rent,little,NA,601,4,furniture/equipment,0,under_30,150.3,1,-2466.0,26.1,0,0,0
24,male,1,unskilled_resident,rent,little,NA,1768,12,furniture/equipment,0,under_30,147.3,1,-1299.0,73.7,0,0,0
24,female,2,skilled,own,little,NA,2788,15,furniture/equipment,0,under_30,185.9,1,-279.0,116.2,0,0,0
25,female,2,skilled,rent,little,NA,3972,24,furniture/equipment,0,under_30,165.5,1,905.0,158.9,0,0,0
25,male,2,skilled,own,moderate,NA,5511,24,furniture/equipment,0,under_30,229.6,1,2444.0,220.4,0,1,0
25,male,1,unskilled_resident,rent,little,NA,2210,10,furniture/equipment,1,under_30,221.0,1,-857.0,88.4,0,0,0
26,male,2,skilled,own,NA,NA,2069,10,furniture/equipment,0,under_30,206.9,1,-998.0,79.6,0,0,1
26,female,2,skilled,own,little,NA,763,12,furniture/equipment,0,under_30,63.6,1,-2304.0,29.3,0,0,0
26,female,2,skilled,rent,little,NA,1388,9,furniture/equipment,0,under_30,154.2,1,-1679.0,53.4,0,0,0
26,female,3,highly_skilled,own,little,NA,10974,36,furniture/equipment,1,under_30,304.8,1,7907.0,422.1,1,1,0
27,male,1,unskilled_resident,own,little,NA,2708,15,furniture/equipment,0,under_30,180.5,1,-359.0,100.3,0,0,0
27,male,2,skilled,own,NA,NA,1221,6,furniture/equipment,0,under_30,203.5,1,-1846.0,45.2,0,0,1
28,female,3,highly_skilled,own,little,NA,3349,36,furniture/equipment,1,under_30,93.0,1,282.0,119.6,1,0,0
28,male,2,skilled,free,little,NA,3343,15,furniture/equipment,0,under_30,222.9,1,276.0,119.4,0,0,0
28,female,2,skilled,own,little,NA,1817,18,furniture/equipment,0,under_30,100.9,1,-1250.0,64.9,0,0,0
29,female,1,unskilled_resident,rent,quite rich,NA,1123,12,furniture/equipment,1,under_30,93.6,1,-1944.0,38.7,0,0,0
30,female,2,skilled,own,rich,NA,960,15,furniture/equipment,0,30_39,64.0,1,-2107.0,32.0,0,0,0
30,male,1,unskilled_resident,own,little,NA,2028,24,furniture/equipment,0,30_39,84.5,1,-1039.0,67.6,0,0,0
31,male,3,highly_skilled,own,little,NA,2406,9,furniture/equipment,0,30_39,267.3,1,-661.0,77.6,0,0,0
31,male,2,skilled,own,NA,NA,929,24,furniture/equipment,0,30_39,38.7,1,-2138.0,30.0,0,0,1
31,female,1,unskilled_resident,own,little,NA,1736,12,furniture/equipment,0,30_39,144.7,1,-1331.0,56.0,0,0,0
32,male,2,skilled,own,quite rich,NA,2978,6,furniture/equipment,0,30_39,496.3,1,-89.0,93.1,0,0,0
32,female,2,skilled,own,little,NA,4611,6,furniture/equipment,1,30_39,768.5,1,1544.0,144.1,0,1,0
32,male,2,skilled,rent,quite rich,NA,3062,24,furniture/equipment,0,30_39,127.6,1,-5.0,95.7,0,0,0
32,male,1,unskilled_resident,own,rich,NA,4526,27,furniture/equipment,0,30_39,167.6,1,1459.0,141.4,1,1,0
33,male,2,skilled,own,rich,NA,1543,6,furniture/equipment,0,30_39,257.2,1,-1524.0,46.8,0,0,0
33,male,2,skilled,own,little,NA,5150,24,furniture/equipment,0,30_39,214.6,1,2083.0,156.1,0,1,0
33,female,1,unskilled_resident,rent,NA,NA,2186,15,furniture/equipment,0,30_39,145.7,1,-881.0,66.2,0,0,1
34,male,3,highly_skilled,own,moderate,NA,1591,21,furniture/equipment,0,30_39,75.8,1,-1476.0,46.8,0,0,0
34,male,2,skilled,own,little,NA,2759,12,furniture/equipment,0,30_39,229.9,1,-308.0,81.1,0,0,0
35,male,2,skilled,own,moderate,NA,4151,24,furniture/equipment,0,30_39,173.0,1,1084.0,118.6,0,1,0
35,male,3,highly_skilled,own,little,NA,3780,18,furniture/equipment,0,30_39,210.0,1,713.0,108.0,0,0,0
35,female,2,skilled,own,rich,NA,1592,12,furniture/equipment,0,30_39,132.7,1,-1475.0,45.5,0,0,0
36,male,2,skilled,own,quite rich,NA,4042,42,furniture/equipment,0,30_39,96.2,1,975.0,112.3,1,1,0
37,female,2,skilled,rent,quite rich,NA,1402,12,furniture/equipment,0,30_39,116.8,1,-1665.0,37.9,0,0,0
40,male,2,skilled,own,little,NA,1585,24,furniture/equipment,0,40_49,66.0,1,-1482.0,39.6,0,0,0
40,female,2,skilled,own,quite rich,NA,7678,36,furniture/equipment,0,40_49,213.3,1,4611.0,191.9,1,1,0
42,male,2,skilled,own,little,NA,3331,12,furniture/equipment,0,40_49,277.6,1,264.0,79.3,0,0,0
43,male,2,skilled,own,little,NA,1935,12,furniture/equipment,0,40_49,161.3,1,-1132.0,45.0,0,0,0
43,male,2,skilled,own,little,NA,2515,18,furniture/equipment,0,40_49,139.7,1,-552.0,58.5,0,0,0
43,male,1,unskilled_resident,own,little,NA,1533,18,furniture/equipment,1,40_49,85.2,1,-1534.0,35.7,0,0,0
47,male,2,skilled,free,little,NA,1984,18,furniture/equipment,0,40_49,110.2,1,-1083.0,42.2,0,0,0
47,male,2,skilled,own,little,NA,3422,18,furniture/equipment,0,40_49,190.1,1,355.0,72.8,0,0,0
49,male,2,skilled,rent,NA,NA,5801,12,furniture/equipment,0,40_49,483.4,1,2734.0,118.4,0,1,1
50,male,2,skilled,own,rich,NA,3777,24,furniture/equipment,0,50_plus,157.4,1,710.0,75.5,0,0,0
50,male,2,skilled,own,little,NA,1574,12,furniture/equipment,0,50_plus,131.2,1,-1493.0,31.5,0,0,0
50,male,2,skilled,own,little,NA,2241,21,furniture/equipment,0,50_plus,106.7,1,-826.0,44.8,0,0,0
53,male,2,skilled,own,quite rich,NA,2835,24,furniture/equipment,0,50_plus,118.1,1,-232.0,53.5,0,0,0
63,male,2,skilled,own,NA,NA,1520,15,furniture/equipment,0,50_plus,101.3,1,-1547.0,24.1,0,0,1
20,female,2,skilled,rent,little,little,1282,12,furniture/equipment,1,under_30,106.8,0,-1785.0,64.1,0,0,0
20,male,2,skilled,own,NA,little,2996,24,furniture/equipment,1,under_30,124.8,0,-71.0,149.8,0,0,0
20,female,2,skilled,rent,little,little,2039,18,furniture/equipment,1,under_30,113.3,0,-1028.0,102.0,0,0,0
21,male,1,unskilled_resident,own,little,little,1289,12,furniture/equipment,0,under_30,107.4,0,-1778.0,61.4,0,0,0
21,female,2,skilled,rent,little,little,1049,18,furniture/equipment,0,under_30,58.3,0,-2018.0,50.0,0,0,0
22,male,2,skilled,own,little,little,2462,18,furniture/equipment,1,under_30,136.8,0,-605.0,111.9,0,0,0
22,male,2,skilled,free,little,little,3149,24,furniture/equipment,0,under_30,131.2,0,82.0,143.1,0,0,0
22,female,2,skilled,rent,little,little,3650,18,furniture/equipment,0,under_30,202.8,0,583.0,165.9,0,0,0
22,male,2,skilled,own,quite rich,little,2828,24,furniture/equipment,0,under_30,117.8,0,-239.0,128.5,0,0,0
22,female,2,skilled,rent,little,little,1858,12,furniture/equipment,0,under_30,154.8,0,-1209.0,84.5,0,0,0
22,male,2,skilled,own,quite rich,little,2483,24,furniture/equipment,0,under_30,103.5,0,-584.0,112.9,0,0,0
23,female,1,unskilled_resident,rent,little,little,6229,36,furniture/equipment,1,under_30,173.0,0,3162.0,270.8,1,1,0
23,female,2,skilled,own,quite rich,little,4281,33,furniture/equipment,1,under_30,129.7,0,1214.0,186.1,1,1,0
23,male,2,skilled,rent,little,little,4110,24,furniture/equipment,1,under_30,171.3,0,1043.0,178.7,0,1,0
23,female,2,skilled,rent,little,little,2406,30,furniture/equipment,1,under_30,80.2,0,-661.0,104.6,1,0,0
23,female,1,unskilled_resident,rent,little,little,3234,24,furniture/equipment,1,under_30,134.8,0,167.0,140.6,0,0,0
24,male,1,unskilled_resident,rent,little,little,3021,24,furniture/equipment,0,under_30,125.9,0,-46.0,125.9,0,0,0
24,female,2,skilled,rent,little,little,2124,18,furniture/equipment,1,under_30,118.0,0,-943.0,88.5,0,0,0
24,female,2,skilled,own,little,little,4272,20,furniture/equipment,0,under_30,213.6,0,1205.0,178.0,0,1,0
24,female,2,skilled,rent,little,little,652,12,furniture/equipment,0,under_30,54.3,0,-2415.0,27.2,0,0,0
24,male,1,unskilled_resident,own,little,little,1747,24,furniture/equipment,0,under_30,72.8,0,-1320.0,72.8,0,0,0
25,male,0,unskilled_non_resident,own,little,little,2473,18,furniture/equipment,1,under_30,137.4,0,-594.0,98.9,0,0,0
25,male,2,skilled,own,little,little,2136,9,furniture/equipment,0,under_30,237.3,0,-931.0,85.4,0,0,0
25,male,2,skilled,own,little,little,975,15,furniture/equipment,0,under_30,65.0,0,-2092.0,39.0,0,0,0
25,female,2,skilled,rent,little,little,1433,15,furniture/equipment,0,under_30,95.5,0,-1634.0,57.3,0,0,0
26,female,1,unskilled_resident,rent,little,little,3599,21,furniture/equipment,0,under_30,171.4,0,532.0,138.4,0,0,0
26,female,2,skilled,rent,little,little,3114,18,furniture/equipment,1,under_30,173.0,0,47.0,119.8,0,0,0
27,male,2,skilled,own,little,little,4020,24,furniture/equipment,0,under_30,167.5,0,953.0,148.9,0,1,0
27,female,2,skilled,rent,NA,little,2132,10,furniture/equipment,0,under_30,213.2,0,-935.0,79.0,0,0,0
27,male,2,skilled,own,little,little,1657,12,furniture/equipment,0,under_30,138.1,0,-1410.0,61.4,0,0,0
27,female,1,unskilled_resident,own,little,little,3643,15,furniture/equipment,0,under_30,242.9,0,576.0,134.9,0,0,0
27,male,2,skilled,own,little,little,3552,24,furniture/equipment,1,under_30,148.0,0,485.0,131.6,0,0,0
28,male,2,skilled,own,little,little,5371,36,furniture/equipment,0,under_30,149.2,0,2304.0,191.8,1,1,0
28,male,2,skilled,own,rich,little,2659,18,furniture/equipment,0,under_30,147.7,0,-408.0,95.0,0,0,0
28,male,2,skilled,own,little,little,4169,24,furniture/equipment,0,under_30,173.7,0,1102.0,148.9,0,1,0
29,male,2,skilled,own,little,little,5179,36,furniture/equipment,1,under_30,143.9,0,2112.0,178.6,1,1,0
29,male,1,unskilled_resident,own,little,little,3590,12,furniture/equipment,0,under_30,299.2,0,523.0,123.8,0,0,0
30,female,2,skilled,own,NA,little,7721,24,furniture/equipment,0,30_39,321.7,0,4654.0,257.4,0,1,0
30,female,2,skilled,own,little,little,1620,12,furniture/equipment,0,30_39,135.0,0,-1447.0,54.0,0,0,0
30,male,3,highly_skilled,own,NA,little,14179,39,furniture/equipment,0,30_39,363.6,0,11112.0,472.6,1,1,0
30,male,2,skilled,free,quite rich,little,3349,24,furniture/equipment,1,30_39,139.5,0,282.0,111.6,0,0,0
30,male,3,highly_skilled,own,little,little,3959,36,furniture/equipment,0,30_39,110.0,0,892.0,132.0,1,0,0
31,male,2,skilled,own,little,little,2746,36,furniture/equipment,1,30_39,76.3,0,-321.0,88.6,1,0,0
31,male,2,skilled,own,NA,little,6350,30,furniture/equipment,1,30_39,211.7,0,3283.0,204.8,1,1,0
31,male,1,unskilled_resident,own,little,little,3108,30,furniture/equipment,1,30_39,103.6,0,41.0,100.3,1,0,0
32,male,2,skilled,own,little,little,4583,30,furniture/equipment,0,30_39,152.8,0,1516.0,143.2,1,1,0
33,female,2,skilled,own,little,little,1131,18,furniture/equipment,1,30_39,62.8,0,-1936.0,34.3,0,0,0
33,male,2,skilled,own,moderate,little,2359,24,furniture/equipment,1,30_39,98.3,0,-708.0,71.5,0,0,0
36,male,1,unskilled_resident,own,little,little,1374,6,furniture/equipment,0,30_39,229.0,0,-1693.0,38.2,0,0,0
36,male,3,highly_skilled,free,little,little,1872,6,furniture/equipment,0,30_39,312.0,0,-1195.0,52.0,0,0,0
37,male,2,skilled,own,little,little,3620,36,furniture/equipment,0,30_39,100.6,0,553.0,97.8,1,0,0
38,male,1,unskilled_resident,own,little,little,708,12,furniture/equipment,0,30_39,59.0,0,-2359.0,18.6,0,0,0
39,male,2,skilled,own,NA,little,2212,20,furniture/equipment,0,30_39,110.6,0,-855.0,56.7,0,0,0
39,male,3,highly_skilled,rent,little,little,3345,24,furniture/equipment,1,30_39,139.4,0,278.0,85.8,0,0,0
41,male,2,skilled,own,little,little,2712,36,furniture/equipment,1,40_49,75.3,0,-355.0,66.1,1,0,0
42,male,2,skilled,own,little,little,2577,12,furniture/equipment,0,40_49,214.8,0,-490.0,61.4,0,0,0
42,male,2,skilled,own,little,little,3446,36,furniture/equipment,1,40_49,95.7,0,379.0,82.0,1,0,0
42,male,2,skilled,own,little,little,4153,18,furniture/equipment,1,40_49,230.7,0,1086.0,98.9,0,1,0
44,male,3,highly_skilled,rent,little,little,3384,6,furniture/equipment,1,40_49,564.0,0,317.0,76.9,0,0,0
44,male,2,skilled,own,little,little,1478,15,furniture/equipment,0,40_49,98.5,0,-1589.0,33.6,0,0,0
44,male,2,skilled,own,little,little,1553,18,furniture/equipment,1,40_49,86.3,0,-1514.0,35.3,0,0,0
45,male,2,skilled,free,little,little,7882,42,furniture/equipment,0,40_49,187.7,0,4815.0,175.2,1,1,0
46,male,2,skilled,own,little,little,2348,36,furniture/equipment,0,40_49,65.2,0,-719.0,51.0,1,0,0
46,female,2,skilled,rent,little,little,1845,15,furniture/equipment,0,40_49,123.0,0,-1222.0,40.1,0,0,0
49,male,1,unskilled_resident,own,NA,little,1262,12,furniture/equipment,0,40_49,105.2,0,-1805.0,25.8,0,0,0
49,female,2,skilled,own,little,little,428,6,furniture/equipment,0,40_49,71.3,0,-2639.0,8.7,0,0,0
53,male,3,highly_skilled,free,little,little,7865,12,furniture/equipment,1,50_plus,655.4,0,4798.0,148.4,0,1,0
53,male,2,skilled,free,little,little,7119,48,furniture/equipment,1,50_plus,148.3,0,4052.0,134.3,1,1,0
55,female,3,highly_skilled,free,little,little,2578,12,furniture/equipment,0,50_plus,214.8,0,-489.0,46.9,0,0,0
55,male,2,skilled,own,little,little,6872,24,furniture/equipment,1,50_plus,286.3,0,3805.0,124.9,0,1,0
57,female,2,skilled,rent,rich,little,3622,30,furniture/equipment,0,50_plus,120.7,0,555.0,63.5,1,0,0
60,male,2,skilled,own,little,little,2246,12,furniture/equipment,1,50_plus,187.2,0,-821.0,37.4,0,0,0
19,female,1,unskilled_resident,rent,rich,moderate,983,12,furniture/equipment,0,under_30,81.9,0,-2084.0,51.7,0,0,0
20,female,2,skilled,own,rich,moderate,1577,11,furniture/equipment,0,under_30,143.4,0,-1490.0,78.8,0,0,0
21,female,2,skilled,rent,moderate,moderate,3441,30,furniture/equipment,1,under_30,114.7,0,374.0,163.9,1,0,0
22,male,2,skilled,own,little,moderate,3832,30,furniture/equipment,0,under_30,127.7,0,765.0,174.2,1,0,0
24,male,2,skilled,own,NA,moderate,2030,9,furniture/equipment,0,under_30,225.6,0,-1037.0,84.6,0,0,0
24,female,2,skilled,own,little,moderate,1237,8,furniture/equipment,1,under_30,154.6,0,-1830.0,51.5,0,0,0
25,female,2,skilled,own,NA,moderate,2762,12,furniture/equipment,1,under_30,230.2,0,-305.0,110.5,0,0,0
25,female,2,skilled,rent,little,moderate,2969,12,furniture/equipment,1,under_30,247.4,0,-98.0,118.8,0,0,0
25,female,1,unskilled_resident,own,little,moderate,4736,24,furniture/equipment,1,under_30,197.3,0,1669.0,189.4,0,1,0
26,female,2,skilled,own,little,moderate,9960,48,furniture/equipment,1,under_30,207.5,0,6893.0,383.1,1,1,0
27,female,2,skilled,own,little,moderate,1295,18,furniture/equipment,0,under_30,71.9,0,-1772.0,48.0,0,0,0
27,female,2,skilled,rent,NA,moderate,1924,18,furniture/equipment,1,under_30,106.9,0,-1143.0,71.3,0,0,0
27,female,2,skilled,rent,moderate,moderate,951,12,furniture/equipment,1,under_30,79.3,0,-2116.0,35.2,0,0,0
28,male,2,skilled,rent,little,moderate,3617,12,furniture/equipment,0,under_30,301.4,0,550.0,129.2,0,0,0
29,male,1,unskilled_resident,own,NA,moderate,2333,24,furniture/equipment,0,under_30,97.2,0,-734.0,80.4,0,0,0
29,female,2,skilled,own,little,moderate,959,9,furniture/equipment,1,under_30,106.6,0,-2108.0,33.1,0,0,0
29,male,3,highly_skilled,rent,moderate,moderate,9034,36,furniture/equipment,1,under_30,250.9,0,5967.0,311.5,1,1,0
30,female,3,highly_skilled,own,little,moderate,5096,48,furniture/equipment,1,30_39,106.2,0,2029.0,169.9,1,1,0
30,female,2,skilled,own,little,moderate,918,9,furniture/equipment,1,30_39,102.0,0,-2149.0,30.6,0,0,0
30,male,2,skilled,free,moderate,moderate,3069,24,furniture/equipment,0,30_39,127.9,0,2.0,102.3,0,0,0
31,male,1,unskilled_resident,own,little,moderate,1521,10,furniture/equipment,0,30_39,152.1,0,-1546.0,49.1,0,0,0
31,male,1,unskilled_resident,own,little,moderate,1928,18,furniture/equipment,1,30_39,107.1,0,-1139.0,62.2,0,0,0
32,male,2,skilled,own,rich,moderate,2745,21,furniture/equipment,0,30_39,130.7,0,-322.0,85.8,0,0,0
33,female,2,skilled,own,little,moderate,3244,18,furniture/equipment,0,30_39,180.2,0,177.0,98.3,0,0,0
34,female,3,highly_skilled,own,little,moderate,2064,24,furniture/equipment,1,30_39,86.0,0,-1003.0,60.7,0,0,0
34,female,3,highly_skilled,rent,little,moderate,3017,12,furniture/equipment,0,30_39,251.4,0,-50.0,88.7,0,0,0
34,male,2,skilled,own,rich,moderate,3496,30,furniture/equipment,0,30_39,116.5,0,429.0,102.8,1,0,0
35,male,2,skilled,rent,little,moderate,1919,9,furniture/equipment,0,30_39,213.2,0,-1148.0,54.8,0,0,0
35,male,3,highly_skilled,own,little,moderate,1050,6,furniture/equipment,0,30_39,175.0,0,-2017.0,30.0,0,0,0
35,male,2,skilled,own,NA,moderate,3976,21,furniture/equipment,0,30_39,189.3,0,909.0,113.6,0,1,0
37,female,2,skilled,own,little,moderate,3612,18,furniture/equipment,0,30_39,200.7,0,545.0,97.6,0,0,0
37,male,1,unskilled_resident,own,little,moderate,1922,12,furniture/equipment,1,30_39,160.2,0,-1145.0,51.9,0,0,0
40,male,3,highly_skilled,own,little,moderate,4297,18,furniture/equipment,1,40_49,238.7,0,1230.0,107.4,0,1,0
40,female,2,skilled,rent,little,moderate,3001,18,furniture/equipment,0,40_49,166.7,0,-66.0,75.0,0,0,0
40,male,3,highly_skilled,own,little,moderate,7374,18,furniture/equipment,0,40_49,409.7,0,4307.0,184.3,0,1,0
41,male,2,skilled,own,little,moderate,6361,18,furniture/equipment,0,40_49,353.4,0,3294.0,155.1,0,1,0
43,male,2,skilled,own,little,moderate,4057,24,furniture/equipment,1,40_49,169.0,0,990.0,94.3,0,1,0
48,female,1,unskilled_resident,own,NA,moderate,4351,24,furniture/equipment,0,40_49,181.3,0,1284.0,90.6,0,1,0
49,male,2,skilled,own,little,moderate,8386,30,furniture/equipment,1,40_49,279.5,0,5319.0,171.1,1,1,0
20,male,2,skilled,rent,NA,rich,3617,24,furniture/equipment,0,under_30,150.7,0,550.0,180.8,0,0,0
23,female,2,skilled,own,little,rich,1275,10,furniture/equipment,0,under_30,127.5,0,-1792.0,55.4,0,0,0
26,male,2,skilled,own,little,rich,1925,24,furniture/equipment,0,under_30,80.2,0,-1142.0,74.0,0,0,0
26,female,2,skilled,own,little,rich,3749,24,furniture/equipment,0,under_30,156.2,0,682.0,144.2,0,0,0
33,female,3,highly_skilled,own,little,rich,1474,12,furniture/equipment,0,30_39,122.8,0,-1593.0,44.7,0,0,0
34,male,1,unskilled_resident,own,little,rich,2864,18,furniture/equipment,1,30_39,159.1,0,-203.0,84.2,0,0,0
41,male,2,skilled,own,little,rich,2116,6,furniture/equipment,0,40_49,352.7,0,-951.0,51.6,0,0,0
45,female,1,unskilled_resident,own,little,rich,3049,18,furniture/equipment,0,40_49,169.4,0,-18.0,67.8,0,0,0
46,female,1,unskilled_resident,own,little,rich,2251,12,furniture/equipment,0,40_49,187.6,0,-816.0,48.9,0,0,0
51,male,2,skilled,free,little,rich,2892,24,furniture/equipment,0,50_plus,120.5,0,-175.0,56.7,0,0,0
55,female,3,highly_skilled,own,NA,rich,1424,12,furniture/equipment,0,50_plus,118.7,0,-1643.0,25.9,0,0,0
24,female,1,unskilled_resident,rent,moderate,NA,1568,18,business,0,under_30,87.1,1,-2590.0,65.3,0,0,0
25,male,2,skilled,own,little,NA,1258,24,business,0,under_30,52.4,1,-2900.0,50.3,0,0,0
26,male,2,skilled,own,little,NA,5117,27,business,0,under_30,189.5,1,959.0,196.8,1,1,0
26,male,2,skilled,own,little,NA,1076,12,business,0,under_30,89.7,1,-3082.0,41.4,0,0,0
26,male,1,unskilled_resident,own,moderate,NA,4272,30,business,0,under_30,142.4,1,114.0,164.3,1,1,0
26,female,2,skilled,own,little,NA,2764,33,business,0,under_30,83.8,1,-1394.0,106.3,1,0,0
27,female,2,skilled,own,little,NA,1185,12,business,0,under_30,98.8,1,-2973.0,43.9,0,0,0
27,female,2,skilled,own,little,NA,1449,9,business,0,under_30,161.0,1,-2709.0,53.7,0,0,0
27,male,2,skilled,own,little,NA,8648,24,business,1,under_30,360.3,1,4490.0,320.3,0,1,0
27,male,2,skilled,rent,NA,NA,7980,36,business,1,under_30,221.7,1,3822.0,295.6,1,1,1
27,female,2,skilled,own,little,NA,3609,48,business,0,under_30,75.2,1,-549.0,133.7,1,0,0
27,male,1,unskilled_resident,own,moderate,NA,4139,24,business,0,under_30,172.5,1,-19.0,153.3,0,1,0
28,male,2,skilled,own,little,NA,9572,36,business,1,under_30,265.9,1,5414.0,341.9,1,1,0
28,male,2,skilled,own,little,NA,2169,18,business,1,under_30,120.5,1,-1989.0,77.5,0,0,0
28,male,2,skilled,own,rich,NA,2142,11,business,0,under_30,194.7,1,-2016.0,76.5,0,0,0
29,female,3,highly_skilled,own,little,NA,1412,12,business,0,under_30,117.7,1,-2746.0,48.7,0,0,0
31,male,2,skilled,own,moderate,NA,5742,36,business,0,30_39,159.5,1,1584.0,185.2,1,1,0
32,male,2,skilled,own,NA,NA,2978,24,business,0,30_39,124.1,1,-1180.0,93.1,0,0,1
32,male,2,skilled,free,little,NA,3863,24,business,0,30_39,161.0,1,-295.0,120.7,0,0,0
33,male,3,highly_skilled,rent,little,NA,4844,48,business,1,30_39,100.9,1,686.0,146.8,1,1,0
34,male,1,unskilled_resident,own,moderate,NA,1743,6,business,0,30_39,290.5,1,-2415.0,51.3,0,0,0
34,male,2,skilled,own,little,NA,1950,18,business,0,30_39,108.3,1,-2208.0,57.4,0,0,0
36,male,2,skilled,own,NA,NA,6304,36,business,0,30_39,175.1,1,2146.0,175.1,1,1,1
36,male,2,skilled,own,little,NA,1542,12,business,0,30_39,128.5,1,-2616.0,42.8,0,0,0
36,female,1,unskilled_resident,own,rich,NA,1572,21,business,0,30_39,74.9,1,-2586.0,43.7,0,0,0
36,male,2,skilled,own,little,NA,4165,18,business,1,30_39,231.4,1,7.0,115.7,0,1,0
37,male,2,skilled,own,NA,NA,7409,36,business,0,30_39,205.8,1,3251.0,200.2,1,1,1
38,male,2,skilled,own,NA,NA,3914,48,business,1,30_39,81.5,1,-244.0,103.0,1,0,1
41,male,1,unskilled_resident,own,quite rich,NA,2580,21,business,1,40_49,122.9,1,-1578.0,62.9,0,0,0
42,male,3,highly_skilled,own,little,NA,2292,12,business,1,40_49,191.0,1,-1866.0,54.6,0,0,0
44,male,2,skilled,own,quite rich,NA,2375,24,business,0,40_49,99.0,1,-1783.0,54.0,0,0,0
46,male,3,highly_skilled,own,NA,NA,7629,48,business,0,40_49,158.9,1,3471.0,165.8,1,1,1
50,male,2,skilled,own,little,NA,1559,24,business,0,50_plus,65.0,1,-2599.0,31.2,0,0,0
54,male,3,highly_skilled,own,rich,NA,4591,24,business,1,50_plus,191.3,1,433.0,85.0,0,1,0
57,male,1,unskilled_resident,rent,NA,NA,1264,12,business,0,50_plus,105.3,1,-2894.0,22.2,0,0,1
74,male,1,unskilled_resident,own,little,NA,3448,5,business,0,50_plus,689.6,1,-710.0,46.6,0,0,0
74,male,3,highly_skilled,own,little,NA,4526,24,business,0,50_plus,188.6,1,368.0,61.2,0,1,0
21,male,1,unskilled_resident,own,little,little,6568,24,business,0,under_30,273.7,0,2410.0,312.8,0,1,0
22,female,1,unskilled_resident,own,little,little,806,15,business,0,under_30,53.7,0,-3352.0,36.6,0,0,0
24,female,2,skilled,rent,little,little,4308,48,business,1,under_30,89.8,0,150.0,179.5,1,1,0
24,male,2,skilled,own,little,little,2145,36,business,1,under_30,59.6,0,-2013.0,89.4,1,0,0
25,male,2,skilled,own,NA,little,8072,30,business,0,under_30,269.1,0,3914.0,322.9,1,1,0
26,male,2,skilled,own,moderate,little,1382,24,business,0,under_30,57.6,0,-2776.0,53.2,0,0,0
28,male,1,unskilled_resident,own,little,little,1797,13,business,0,under_30,138.2,0,-2361.0,64.2,0,0,0
29,male,2,skilled,rent,little,little,11816,45,business,1,under_30,262.6,0,7658.0,407.4,1,1,0
31,male,2,skilled,own,little,little,3104,18,business,0,30_39,172.4,0,-1054.0,100.1,0,0,0
31,male,2,skilled,rent,little,little,3161,24,business,1,30_39,131.7,0,-997.0,102.0,0,0,0
36,male,2,skilled,rent,little,little,7297,60,business,1,30_39,121.6,0,3139.0,202.7,1,1,0
37,female,2,skilled,rent,little,little,7685,48,business,1,30_39,160.1,0,3527.0,207.7,1,1,0
43,male,3,highly_skilled,own,little,little,2442,27,business,0,40_49,90.4,0,-1716.0,56.8,1,0,0
50,male,2,skilled,own,little,little,5293,27,business,1,50_plus,196.0,0,1135.0,105.9,1,1,0
63,male,2,skilled,own,little,little,6836,60,business,1,50_plus,113.9,0,2678.0,108.5,1,1,0
23,female,1,unskilled_resident,rent,moderate,moderate,841,12,business,0,under_30,70.1,0,-3317.0,36.6,0,0,0
23,male,2,skilled,own,little,moderate,15672,48,business,1,under_30,326.5,0,11514.0,681.4,1,1,0
25,male,2,skilled,own,little,moderate,14421,48,business,1,under_30,300.4,0,10263.0,576.8,1,1,0
26,female,1,unskilled_resident,rent,moderate,moderate,4280,30,business,1,under_30,142.7,0,122.0,164.6,1,1,0
26,male,2,skilled,own,little,moderate,907,8,business,0,under_30,113.4,0,-3251.0,34.9,0,0,0
27,male,2,skilled,own,little,moderate,1391,9,business,0,under_30,154.6,0,-2767.0,51.5,0,0,0
27,male,2,skilled,own,quite rich,moderate,2326,15,business,0,under_30,155.1,0,-1832.0,86.1,0,0,0
27,male,2,skilled,own,little,moderate,3652,21,business,0,under_30,173.9,0,-506.0,135.3,0,0,0
28,male,2,skilled,own,NA,moderate,1887,18,business,0,under_30,104.8,0,-2271.0,67.4,0,0,0
28,female,2,skilled,own,little,moderate,4221,30,business,0,under_30,140.7,0,63.0,150.8,1,1,0
30,male,2,skilled,own,moderate,moderate,3566,48,business,0,30_39,74.3,0,-592.0,118.9,1,0,0
30,male,3,highly_skilled,own,little,moderate,4455,36,business,1,30_39,123.8,0,297.0,148.5,1,1,0
31,male,2,skilled,own,moderate,moderate,1449,6,business,0,30_39,241.5,0,-2709.0,46.7,0,0,0
31,male,2,skilled,own,little,moderate,1935,24,business,1,30_39,80.6,0,-2223.0,62.4,0,0,0
31,male,1,unskilled_resident,own,moderate,moderate,9857,36,business,0,30_39,273.8,0,5699.0,318.0,1,1,0
32,female,2,skilled,own,little,moderate,2528,27,business,0,30_39,93.6,0,-1630.0,79.0,1,0,0
33,male,3,highly_skilled,own,little,moderate,4439,18,business,0,30_39,246.6,0,281.0,134.5,0,1,0
34,male,2,skilled,own,moderate,moderate,2622,18,business,0,30_39,145.7,0,-1536.0,77.1,0,0,0
34,male,1,unskilled_resident,free,moderate,moderate,3844,48,business,1,30_39,80.1,0,-314.0,113.1,1,0,0
34,male,2,skilled,own,NA,moderate,2825,24,business,0,30_39,117.7,0,-1333.0,83.1,0,0,0
35,male,2,skilled,own,quite rich,moderate,1410,14,business,0,30_39,100.7,0,-2748.0,40.3,0,0,0
35,male,1,unskilled_resident,own,rich,moderate,1941,18,business,0,30_39,107.8,0,-2217.0,55.5,0,0,0
36,male,2,skilled,own,rich,moderate,1913,18,business,0,30_39,106.3,0,-2245.0,53.1,0,0,0
36,male,3,highly_skilled,rent,moderate,moderate,6967,24,business,0,30_39,290.3,0,2809.0,193.5,0,1,0
36,male,2,skilled,own,little,moderate,3915,27,business,1,30_39,145.0,0,-243.0,108.8,1,0,0
36,male,1,unskilled_resident,own,little,moderate,4241,24,business,1,30_39,176.7,0,83.0,117.8,0,1,0
37,male,3,highly_skilled,own,NA,moderate,4712,24,business,0,30_39,196.3,0,554.0,127.4,0,1,0
38,male,2,skilled,free,NA,moderate,6681,48,business,0,30_39,139.2,0,2523.0,175.8,1,1,0
39,male,1,unskilled_resident,own,moderate,moderate,1037,12,business,0,30_39,86.4,0,-3121.0,26.6,0,0,0
39,female,2,skilled,own,little,moderate,1188,21,business,1,30_39,56.6,0,-2970.0,30.5,0,0,0
40,male,0,unskilled_non_resident,own,little,moderate,3590,18,business,0,40_49,199.4,0,-568.0,89.8,0,0,0
41,female,1,unskilled_resident,own,little,moderate,5954,42,business,0,40_49,141.8,0,1796.0,145.2,1,1,0
41,male,2,skilled,own,moderate,moderate,2503,30,business,0,40_49,83.4,0,-1655.0,61.0,1,0,0
42,female,3,highly_skilled,free,little,moderate,8318,27,business,1,40_49,308.1,0,4160.0,198.0,1,1,0
42,male,2,skilled,own,NA,moderate,2427,18,business,0,40_49,134.8,0,-1731.0,57.8,0,0,0
48,male,3,highly_skilled,own,NA,moderate,12204,48,business,0,40_49,254.3,0,8046.0,254.3,1,1,0
58,male,2,skilled,rent,little,moderate,15945,54,business,1,50_plus,295.3,0,11787.0,274.9,1,1,0
59,female,2,skilled,rent,little,moderate,6416,48,business,1,50_plus,133.7,0,2258.0,108.7,1,1,0
61,male,3,highly_skilled,free,little,moderate,1953,36,business,1,50_plus,54.3,0,-2205.0,32.0,1,0,0
61,male,1,unskilled_resident,rent,moderate,moderate,2767,21,business,1,50_plus,131.8,0,-1391.0,45.4,0,0,0
26,female,0,unskilled_non_resident,own,little,rich,609,12,business,1,under_30,50.8,0,-3549.0,23.4,0,0,0
26,male,2,skilled,rent,little,rich,2687,15,business,0,under_30,179.1,0,-1471.0,103.3,0,0,0
33,male,2,skilled,own,little,rich,6289,42,business,0,30_39,149.7,0,2131.0,190.6,1,1,0
36,male,2,skilled,own,rich,rich,1275,24,business,0,30_39,53.1,0,-2883.0,35.4,0,0,0
66,male,3,highly_skilled,own,little,rich,1908,30,business,1,50_plus,63.6,0,-2250.0,28.9,1,0,0
20,female,2,skilled,rent,NA,NA,4675,12,car,0,under_30,389.6,1,907.0,233.8,0,1,1
20,female,2,skilled,rent,rich,NA,3186,15,car,0,under_30,212.4,1,-582.0,159.3,0,0,0
21,female,2,skilled,rent,little,NA,2570,27,car,1,under_30,95.2,1,-1198.0,122.4,1,0,0
23,female,2,skilled,own,moderate,NA,3812,15,car,0,under_30,254.1,1,44.0,165.7,0,0,0
23,male,2,skilled,rent,rich,NA,3368,15,car,0,under_30,224.5,1,-400.0,146.4,0,0,0
23,female,2,skilled,own,moderate,NA,3488,24,car,0,under_30,145.3,1,-280.0,151.7,0,0,0
24,female,1,unskilled_resident,rent,NA,NA,4811,30,car,0,under_30,160.4,1,1043.0,200.5,1,1,1
24,female,1,unskilled_resident,rent,moderate,NA,11590,48,car,1,under_30,241.5,1,7822.0,482.9,1,1,0
24,male,2,skilled,own,quite rich,NA,2569,39,car,0,under_30,65.9,1,-1199.0,107.0,1,0,0
24,male,2,skilled,own,quite rich,NA,2080,6,car,0,under_30,346.7,1,-1688.0,86.7,0,0,0
25,female,2,skilled,own,little,NA,7855,36,car,1,under_30,218.2,1,4087.0,314.2,1,1,0
25,female,2,skilled,rent,NA,NA,1283,22,car,0,under_30,58.3,1,-2485.0,51.3,0,0,1
26,male,1,unskilled_resident,own,NA,NA,783,6,car,0,under_30,130.5,1,-2985.0,30.1,0,0,1
26,male,2,skilled,rent,NA,NA,2445,12,car,0,under_30,203.8,1,-1323.0,94.0,0,0,1
26,male,2,skilled,rent,little,NA,3518,6,car,0,under_30,586.3,1,-250.0,135.3,0,0,0
26,female,3,highly_skilled,rent,NA,NA,5433,24,car,0,under_30,226.4,1,1665.0,209.0,0,1,1
26,female,2,skilled,own,quite rich,NA,1386,12,car,1,under_30,115.5,1,-2382.0,53.3,0,0,0
26,male,2,skilled,own,NA,NA,5248,21,car,0,under_30,249.9,1,1480.0,201.8,0,1,1
26,male,2,skilled,rent,moderate,NA,3577,9,car,0,under_30,397.4,1,-191.0,137.6,0,0,0
27,male,2,skilled,own,rich,NA,8613,27,car,0,under_30,319.0,1,4845.0,319.0,1,1,0
27,male,2,skilled,own,little,NA,3850,18,car,0,under_30,213.9,1,82.0,142.6,0,0,0
27,male,1,unskilled_resident,own,little,NA,802,14,car,0,under_30,57.3,1,-2966.0,29.7,0,0,0
27,male,1,unskilled_resident,own,NA,NA,1309,10,car,1,under_30,130.9,1,-2459.0,48.5,0,0,1
27,male,2,skilled,own,moderate,NA,2463,24,car,0,under_30,102.6,1,-1305.0,91.2,0,0,0
27,male,2,skilled,own,little,NA,1101,12,car,0,under_30,91.8,1,-2667.0,40.8,0,0,0
27,male,2,skilled,own,rich,NA,5804,24,car,0,under_30,241.8,1,2036.0,215.0,0,1,0
28,female,2,skilled,rent,rich,NA,2603,24,car,0,under_30,108.5,1,-1165.0,93.0,0,0,0
28,male,1,unskilled_resident,own,little,NA,2993,21,car,0,under_30,142.5,1,-775.0,106.9,0,0,0
28,male,2,skilled,own,little,NA,1249,24,car,0,under_30,52.0,1,-2519.0,44.6,0,0,0
29,female,3,highly_skilled,own,little,NA,2679,24,car,0,under_30,111.6,1,-1089.0,92.4,0,0,0
29,female,2,skilled,own,NA,NA,5003,21,car,1,under_30,238.2,1,1235.0,172.5,0,1,1
29,male,2,skilled,own,NA,NA,3556,15,car,0,under_30,237.1,1,-212.0,122.6,0,0,1
30,female,2,skilled,own,little,NA,8133,36,car,0,30_39,225.9,1,4365.0,271.1,1,1,0
30,female,2,skilled,own,little,NA,1055,18,car,0,30_39,58.6,1,-2713.0,35.2,0,0,0
30,male,2,skilled,own,little,NA,4657,15,car,0,30_39,310.5,1,889.0,155.2,0,1,0
30,male,3,highly_skilled,own,little,NA,1820,18,car,0,30_39,101.1,1,-1948.0,60.7,0,0,0
30,male,3,highly_skilled,own,NA,NA,11054,36,car,0,30_39,307.1,1,7286.0,368.5,1,1,1
30,male,3,highly_skilled,free,NA,NA,12680,21,car,1,30_39,603.8,1,8912.0,422.7,0,1,1
30,male,2,skilled,own,little,NA,1224,9,car,0,30_39,136.0,1,-2544.0,40.8,0,0,0
31,male,2,skilled,own,NA,NA,3378,18,car,0,30_39,187.7,1,-390.0,109.0,0,0,1
31,female,3,highly_skilled,own,quite rich,NA,2782,21,car,0,30_39,132.5,1,-986.0,89.7,0,0,0
31,male,2,skilled,own,little,NA,2775,18,car,1,30_39,154.2,1,-993.0,89.5,0,0,0
31,male,2,skilled,own,little,NA,1393,24,car,0,30_39,58.0,1,-2375.0,44.9,0,0,0
31,female,2,skilled,rent,NA,NA,2901,10,car,0,30_39,290.1,1,-867.0,93.6,0,0,1
31,male,3,highly_skilled,own,NA,NA,8947,36,car,0,30_39,248.5,1,5179.0,288.6,1,1,1
31,male,1,unskilled_resident,own,little,NA,1546,10,car,0,30_39,154.6,1,-2222.0,49.9,0,0,0
32,male,1,unskilled_resident,own,little,NA,1231,10,car,0,30_39,123.1,1,-2537.0,38.5,0,0,0
32,male,2,skilled,own,NA,NA,2662,18,car,0,30_39,147.9,1,-1106.0,83.2,0,0,1
32,male,3,highly_skilled,free,little,NA,4686,36,car,0,30_39,130.2,1,918.0,146.4,1,1,0
32,male,2,skilled,own,little,NA,1530,18,car,1,30_39,85.0,1,-2238.0,47.8,0,0,0
32,male,2,skilled,own,moderate,NA,2848,10,car,0,30_39,284.8,1,-920.0,89.0,0,0,0
33,male,2,skilled,own,little,NA,3029,15,car,0,30_39,201.9,1,-739.0,91.8,0,0,0
33,male,2,skilled,own,moderate,NA,1474,24,car,0,30_39,61.4,1,-2294.0,44.7,0,0,0
34,female,2,skilled,own,rich,NA,1525,24,car,0,30_39,63.5,1,-2243.0,44.9,0,0,0
34,male,2,skilled,free,NA,NA,6527,60,car,0,30_39,108.8,1,2759.0,192.0,1,1,1
34,male,3,highly_skilled,own,little,NA,6614,36,car,0,30_39,183.7,1,2846.0,194.5,1,1,0
35,female,3,highly_skilled,own,little,NA,1393,11,car,0,30_39,126.6,1,-2375.0,39.8,0,0,0
35,male,2,skilled,rent,moderate,NA,1204,6,car,0,30_39,200.7,1,-2564.0,34.4,0,0,0
35,male,3,highly_skilled,own,little,NA,7253,33,car,0,30_39,219.8,1,3485.0,207.2,1,1,0
35,male,2,skilled,own,little,NA,5842,36,car,0,30_39,162.3,1,2074.0,166.9,1,1,0
35,male,3,highly_skilled,own,little,NA,2670,24,car,0,30_39,111.3,1,-1098.0,76.3,0,0,0
35,male,1,unskilled_resident,own,little,NA,4679,24,car,0,30_39,195.0,1,911.0,133.7,0,1,0
35,male,1,unskilled_resident,rent,moderate,NA,1418,10,car,0,30_39,141.8,1,-2350.0,40.5,0,0,0
35,male,2,skilled,free,NA,NA,8858,48,car,0,30_39,184.5,1,5090.0,253.1,1,1,1
35,male,2,skilled,own,little,NA,2346,24,car,0,30_39,97.8,1,-1422.0,67.0,0,0,0
35,female,2,skilled,free,quite rich,NA,5324,15,car,0,30_39,354.9,1,1556.0,152.1,0,1,0
36,male,2,skilled,own,quite rich,NA,909,36,car,0,30_39,25.3,1,-2859.0,25.3,1,0,0
36,female,2,skilled,own,little,NA,1028,18,car,0,30_39,57.1,1,-2740.0,28.6,0,0,0
36,male,2,skilled,own,NA,NA,3079,36,car,0,30_39,85.5,1,-689.0,85.5,1,0,1
36,male,3,highly_skilled,own,little,NA,3275,21,car,0,30_39,156.0,1,-493.0,91.0,0,0,0
37,female,2,skilled,own,rich,NA,1287,24,car,0,30_39,53.6,1,-2481.0,34.8,0,0,0
37,female,2,skilled,own,little,NA,2022,24,car,0,30_39,84.3,1,-1746.0,54.6,0,0,0
37,female,2,skilled,own,little,NA,3380,4,car,0,30_39,845.0,1,-388.0,91.4,0,0,0
37,male,2,skilled,own,little,NA,3535,36,car,0,30_39,98.2,1,-233.0,95.5,1,0,0
38,male,1,unskilled_resident,own,little,NA,1495,12,car,0,30_39,124.6,1,-2273.0,39.3,0,0,0
38,male,3,highly_skilled,own,NA,NA,3229,18,car,0,30_39,179.4,1,-539.0,85.0,0,0,1
38,female,0,unskilled_non_resident,own,little,NA,926,12,car,0,30_39,77.2,1,-2842.0,24.4,0,0,0
38,male,3,highly_skilled,own,rich,NA,5711,36,car,0,30_39,158.6,1,1943.0,150.3,1,1,0
38,male,2,skilled,own,NA,NA,2751,48,car,0,30_39,57.3,1,-1017.0,72.4,1,0,1
38,male,3,highly_skilled,own,little,NA,7814,24,car,0,30_39,325.6,1,4046.0,205.6,0,1,0
38,male,3,highly_skilled,own,NA,NA,2859,12,car,0,30_39,238.3,1,-909.0,75.2,0,0,1
39,male,1,unskilled_resident,own,little,NA,7228,11,car,0,30_39,657.1,1,3460.0,185.3,0,1,0
39,male,1,unskilled_resident,own,NA,NA,9436,54,car,0,30_39,174.7,1,5668.0,241.9,1,1,1
39,male,3,highly_skilled,own,little,NA,6458,18,car,1,30_39,358.8,1,2690.0,165.6,0,1,0
39,male,3,highly_skilled,own,little,NA,1884,12,car,0,30_39,157.0,1,-1884.0,48.3,0,0,0
40,male,1,unskilled_resident,rent,quite rich,NA,1597,10,car,0,40_49,159.7,1,-2171.0,39.9,0,0,0
40,male,2,skilled,rent,NA,NA,7824,28,car,0,40_49,279.4,1,4056.0,195.6,1,1,1
41,male,1,unskilled_resident,rent,moderate,NA,1469,24,car,0,40_49,61.2,1,-2299.0,35.8,0,0,0
41,female,3,highly_skilled,rent,little,NA,3868,24,car,0,40_49,161.2,1,100.0,94.3,0,0,0
41,male,2,skilled,rent,little,NA,1503,12,car,0,40_49,125.3,1,-2265.0,36.7,0,0,0
41,female,1,unskilled_resident,own,rich,NA,250,6,car,0,40_49,41.7,1,-3518.0,6.1,0,0,0
41,male,3,highly_skilled,own,NA,NA,6313,24,car,0,40_49,263.0,1,2545.0,154.0,0,1,1
42,male,3,highly_skilled,own,little,NA,10366,60,car,0,40_49,172.8,1,6598.0,246.8,1,1,0
42,male,2,skilled,free,NA,NA,10477,36,car,0,40_49,291.0,1,6709.0,249.5,1,1,1
42,male,1,unskilled_resident,own,little,NA,1455,4,car,0,40_49,363.8,1,-2313.0,34.6,0,0,0
43,male,2,skilled,own,NA,NA,2197,24,car,0,40_49,91.5,1,-1571.0,51.1,0,0,1
43,male,2,skilled,own,NA,NA,4042,24,car,0,40_49,168.4,1,274.0,94.0,0,1,1
43,male,1,unskilled_resident,own,little,NA,7393,24,car,0,40_49,308.0,1,3625.0,171.9,0,1,0
44,male,2,skilled,free,quite rich,NA,10127,48,car,1,40_49,211.0,1,6359.0,230.2,1,1,0
44,male,2,skilled,own,quite rich,NA,1163,12,car,0,40_49,96.9,1,-2605.0,26.4,0,0,0
44,male,2,skilled,own,NA,NA,3485,20,car,0,40_49,174.3,1,-283.0,79.2,0,0,1
45,male,1,unskilled_resident,own,NA,NA,1287,10,car,0,40_49,128.7,1,-2481.0,28.6,0,0,1
45,male,3,highly_skilled,own,moderate,NA,8588,39,car,0,40_49,220.2,1,4820.0,190.8,1,1,0
45,male,2,skilled,free,NA,NA,1300,15,car,0,40_49,86.7,1,-2468.0,28.9,0,0,1
45,male,3,highly_skilled,own,little,NA,6761,6,car,0,40_49,1126.8,1,2993.0,150.2,0,1,0
45,male,2,skilled,own,little,NA,10875,36,car,0,40_49,302.1,1,7107.0,241.7,1,1,0
45,male,3,highly_skilled,own,NA,NA,3527,12,car,0,40_49,293.9,1,-241.0,78.4,0,0,1
46,male,3,highly_skilled,own,NA,NA,2476,21,car,0,40_49,117.9,1,-1292.0,53.8,0,0,1
46,female,1,unskilled_resident,own,little,NA,3594,15,car,0,40_49,239.6,1,-174.0,78.1,0,0,0
46,male,3,highly_skilled,own,NA,NA,6842,24,car,0,40_49,285.1,1,3074.0,148.7,0,1,1
47,male,1,unskilled_resident,own,little,NA,2538,24,car,1,40_49,105.8,1,-1230.0,54.0,0,0,0
48,male,2,skilled,own,little,NA,2134,9,car,0,40_49,237.1,1,-1634.0,44.5,0,0,0
48,male,2,skilled,free,NA,NA,9277,24,car,0,40_49,386.5,1,5509.0,193.3,0,1,1
49,male,1,unskilled_resident,own,little,NA,640,12,car,0,40_49,53.3,1,-3128.0,13.1,0,0,0
50,male,2,skilled,rent,quite rich,NA,1236,6,car,0,50_plus,206.0,1,-2532.0,24.7,0,0,0
50,male,2,skilled,own,NA,NA,2390,12,car,0,50_plus,199.2,1,-1378.0,47.8,0,0,1
51,female,2,skilled,own,moderate,NA,682,12,car,0,50_plus,56.8,1,-3086.0,13.4,0,0,0
51,male,1,unskilled_resident,free,quite rich,NA,2507,9,car,0,50_plus,278.6,1,-1261.0,49.2,0,0,0
52,female,1,unskilled_resident,own,moderate,NA,362,6,car,0,50_plus,60.3,1,-3406.0,7.0,0,0,0
52,female,3,highly_skilled,free,NA,NA,2133,12,car,0,50_plus,177.8,1,-1635.0,41.0,0,0,1
53,female,3,highly_skilled,own,NA,NA,7485,30,car,1,50_plus,249.5,1,3717.0,141.2,1,1,1
54,female,0,unskilled_non_resident,own,little,NA,672,6,car,0,50_plus,112.0,1,-3096.0,12.4,0,0,0
54,male,2,skilled,own,NA,NA,2255,24,car,0,50_plus,94.0,1,-1513.0,41.8,0,0,1
54,male,2,skilled,own,NA,NA,717,24,car,0,50_plus,29.9,1,-3051.0,13.3,0,0,1
55,male,2,skilled,own,rich,NA,1413,12,car,0,50_plus,117.8,1,-2355.0,25.7,0,0,0
59,female,2,skilled,own,NA,NA,5045,15,car,0,50_plus,336.3,1,1277.0,85.5,0,1,1
60,male,2,skilled,free,little,NA,2032,24,car,0,50_plus,84.7,1,-1736.0,33.9,0,0,0
60,male,2,skilled,own,rich,NA,1940,24,car,0,50_plus,80.8,1,-1828.0,32.3,0,0,0
61,male,1,unskilled_resident,own,little,NA,1255,12,car,0,50_plus,104.6,1,-2513.0,20.6,0,0,0
62,female,2,skilled,free,little,NA,3757,24,car,0,50_plus,156.5,1,-11.0,60.6,0,0,0
63,male,3,highly_skilled,free,NA,NA,13756,60,car,0,50_plus,229.3,1,9988.0,218.3,1,1,1
63,male,2,skilled,own,NA,NA,7596,30,car,0,50_plus,253.2,1,3828.0,120.6,1,1,1
64,female,2,skilled,own,little,NA,1364,10,car,0,50_plus,136.4,1,-2404.0,21.3,0,0,0
68,male,2,skilled,rent,NA,NA,6761,18,car,1,50_plus,375.6,1,2993.0,99.4,0,1,1
22,female,2,skilled,rent,little,little,3632,24,car,0,under_30,151.3,0,-136.0,165.1,0,0,0
22,male,2,skilled,free,little,little,3973,14,car,0,under_30,283.8,0,205.0,180.6,0,0,0
23,female,0,unskilled_non_resident,rent,quite rich,little,1352,6,car,0,under_30,225.3,0,-2416.0,58.8,0,0,0
23,female,2,skilled,rent,little,little,1442,24,car,1,under_30,60.1,0,-2326.0,62.7,0,0,0
23,male,2,skilled,own,NA,little,900,12,car,1,under_30,75.0,0,-2868.0,39.1,0,0,0
23,female,2,skilled,rent,little,little,2511,15,car,0,under_30,167.4,0,-1257.0,109.2,0,0,0
23,female,1,unskilled_resident,own,little,little,976,18,car,1,under_30,54.2,0,-2792.0,42.4,0,0,0
23,female,2,skilled,rent,little,little,1216,18,car,1,under_30,67.6,0,-2552.0,52.9,0,0,0
24,male,2,skilled,rent,moderate,little,6187,30,car,0,under_30,206.2,0,2419.0,257.8,1,1,0
24,male,2,skilled,free,little,little,4605,48,car,1,under_30,95.9,0,837.0,191.9,1,1,0
24,female,2,skilled,rent,little,little,1207,24,car,1,under_30,50.3,0,-2561.0,50.3,0,0,0
24,female,1,unskilled_resident,own,little,little,1228,12,car,1,under_30,102.3,0,-2540.0,51.2,0,0,0
24,male,2,skilled,own,little,little,9271,36,car,1,under_30,257.5,0,5503.0,386.3,1,1,0
24,male,2,skilled,own,little,little,9629,36,car,1,under_30,267.5,0,5861.0,401.2,1,1,0
24,male,1,unskilled_resident,own,NA,little,3763,21,car,0,under_30,179.2,0,-5.0,156.8,0,0,0
25,female,2,skilled,rent,NA,little,1371,24,car,1,under_30,57.1,0,-2397.0,54.8,0,0,0
26,male,2,skilled,own,little,little,4788,48,car,0,under_30,99.8,0,1020.0,184.2,1,1,0
26,male,2,skilled,own,little,little,759,12,car,1,under_30,63.3,0,-3009.0,29.2,0,0,0
26,female,2,skilled,rent,NA,little,2812,24,car,0,under_30,117.2,0,-956.0,108.2,0,0,0
26,male,2,skilled,own,little,little,8229,36,car,1,under_30,228.6,0,4461.0,316.5,1,1,0
27,male,1,unskilled_resident,own,little,little,1168,12,car,0,under_30,97.3,0,-2600.0,43.3,0,0,0
27,female,2,skilled,own,little,little,3123,24,car,1,under_30,130.1,0,-645.0,115.7,0,0,0
27,male,3,highly_skilled,free,little,little,1422,9,car,1,under_30,158.0,0,-2346.0,52.7,0,0,0
28,female,2,skilled,rent,little,little,1403,15,car,0,under_30,93.5,0,-2365.0,50.1,0,0,0
28,male,1,unskilled_resident,own,little,little,654,9,car,1,under_30,72.7,0,-3114.0,23.4,0,0,0
29,female,2,skilled,own,little,little,3499,12,car,1,under_30,291.6,0,-269.0,120.7,0,0,0
29,female,2,skilled,own,NA,little,915,24,car,1,under_30,38.1,0,-2853.0,31.6,0,0,0
29,female,2,skilled,own,little,little,3959,15,car,1,under_30,263.9,0,191.0,136.5,0,0,0
29,female,2,skilled,own,little,little,1893,12,car,0,under_30,157.8,0,-1875.0,65.3,0,0,0
29,female,0,unskilled_non_resident,rent,little,little,1193,24,car,1,under_30,49.7,0,-2575.0,41.1,0,0,0
29,male,3,highly_skilled,free,little,little,6579,24,car,0,under_30,274.1,0,2811.0,226.9,0,1,0
30,male,3,highly_skilled,own,moderate,little,2249,18,car,0,30_39,124.9,0,-1519.0,75.0,0,0,0
30,male,2,skilled,own,little,little,2121,12,car,0,30_39,176.8,0,-1647.0,70.7,0,0,0
30,male,2,skilled,own,little,little,1602,21,car,0,30_39,76.3,0,-2166.0,53.4,0,0,0
31,male,2,skilled,own,little,little,4817,24,car,1,30_39,200.7,0,1049.0,155.4,0,1,0
31,male,2,skilled,own,rich,little,3651,12,car,0,30_39,304.3,0,-117.0,117.8,0,0,0
32,male,2,skilled,own,moderate,little,2325,24,car,0,30_39,96.9,0,-1443.0,72.7,0,0,0
32,female,2,skilled,rent,NA,little,1285,24,car,1,30_39,53.5,0,-2483.0,40.2,0,0,0
32,male,1,unskilled_resident,free,little,little,1442,18,car,1,30_39,80.1,0,-2326.0,45.1,0,0,0
33,male,2,skilled,rent,little,little,950,15,car,1,30_39,63.3,0,-2818.0,28.8,0,0,0
33,male,1,unskilled_resident,own,little,little,2579,12,car,1,30_39,214.9,0,-1189.0,78.2,0,0,0
33,female,2,skilled,rent,little,little,3966,18,car,1,30_39,220.3,0,198.0,120.2,0,0,0
33,male,2,skilled,rent,little,little,2235,20,car,1,30_39,111.8,0,-1533.0,67.7,0,0,0
34,male,3,highly_skilled,free,little,little,2910,24,car,0,30_39,121.3,0,-858.0,85.6,0,0,0
34,female,2,skilled,own,little,little,1842,36,car,1,30_39,51.2,0,-1926.0,54.2,1,0,0
35,female,1,unskilled_resident,own,little,little,10722,47,car,0,30_39,228.1,0,6954.0,306.3,1,1,0
35,female,2,skilled,own,NA,little,1381,24,car,1,30_39,57.5,0,-2387.0,39.5,0,0,0
35,male,2,skilled,free,little,little,3386,12,car,1,30_39,282.2,0,-382.0,96.7,0,0,0
35,male,1,unskilled_resident,own,moderate,little,4380,18,car,0,30_39,243.3,0,612.0,125.1,0,1,0
35,male,2,skilled,own,little,little,691,12,car,1,30_39,57.6,0,-3077.0,19.7,0,0,0
36,male,3,highly_skilled,free,little,little,5302,18,car,0,30_39,294.6,0,1534.0,147.3,0,1,0
36,male,2,skilled,rent,little,little,3905,11,car,0,30_39,355.0,0,137.0,108.5,0,0,0
36,male,2,skilled,own,little,little,1721,15,car,0,30_39,114.7,0,-2047.0,47.8,0,0,0
36,male,2,skilled,own,little,little,1372,12,car,1,30_39,114.3,0,-2396.0,38.1,0,0,0
36,male,2,skilled,rent,little,little,2799,9,car,0,30_39,311.0,0,-969.0,77.8,0,0,0
37,female,2,skilled,own,little,little,609,6,car,0,30_39,101.5,0,-3159.0,16.5,0,0,0
37,male,2,skilled,rent,little,little,3676,6,car,0,30_39,612.7,0,-92.0,99.4,0,0,0
37,female,1,unskilled_resident,own,little,little,1274,12,car,1,30_39,106.2,0,-2494.0,34.4,0,0,0
38,male,3,highly_skilled,free,little,little,10623,30,car,0,30_39,354.1,0,6855.0,279.6,1,1,0
38,male,1,unskilled_resident,own,little,little,2171,12,car,0,30_39,180.9,0,-1597.0,57.1,0,0,0
39,female,2,skilled,own,little,little,860,6,car,0,30_39,143.3,0,-2908.0,22.1,0,0,0
39,female,1,unskilled_resident,own,rich,little,666,6,car,0,30_39,111.0,0,-3102.0,17.1,0,0,0
39,male,1,unskilled_resident,own,little,little,3398,8,car,0,30_39,424.8,0,-370.0,87.1,0,0,0
39,male,3,highly_skilled,free,little,little,3249,36,car,0,30_39,90.3,0,-519.0,83.3,1,0,0
39,male,1,unskilled_resident,rent,little,little,2122,12,car,0,30_39,176.8,0,-1646.0,54.4,0,0,0
39,male,2,skilled,free,little,little,10297,48,car,1,30_39,214.5,0,6529.0,264.0,1,1,0
40,male,1,unskilled_resident,own,NA,little,1647,21,car,1,40_49,78.4,0,-2121.0,41.2,0,0,0
40,male,1,unskilled_resident,own,little,little,1361,6,car,0,40_49,226.8,0,-2407.0,34.0,0,0,0
40,male,1,unskilled_resident,own,little,little,3939,11,car,0,40_49,358.1,0,171.0,98.5,0,0,0
40,male,3,highly_skilled,own,little,little,3857,30,car,0,40_49,128.6,0,89.0,96.4,1,0,0
41,male,1,unskilled_resident,own,little,little,662,6,car,0,40_49,110.3,0,-3106.0,16.1,0,0,0
42,male,2,skilled,free,little,little,5493,36,car,0,40_49,152.6,0,1725.0,130.8,1,1,0
42,male,3,highly_skilled,free,little,little,7763,48,car,1,40_49,161.7,0,3995.0,184.8,1,1,0
43,male,2,skilled,own,moderate,little,1203,6,car,0,40_49,200.5,0,-2565.0,28.0,0,0,0
43,male,2,skilled,free,little,little,1333,24,car,1,40_49,55.5,0,-2435.0,31.0,0,0,0
43,male,2,skilled,rent,little,little,4843,12,car,1,40_49,403.6,0,1075.0,112.6,0,1,0
43,male,2,skilled,rent,little,little,2625,16,car,1,40_49,164.1,0,-1143.0,61.0,0,0,0
43,male,1,unskilled_resident,own,little,little,1344,12,car,0,40_49,112.0,0,-2424.0,31.3,0,0,0
44,female,3,highly_skilled,free,little,little,6419,24,car,0,40_49,267.5,0,2651.0,145.9,0,1,0
44,male,1,unskilled_resident,own,NA,little,4716,6,car,0,40_49,786.0,0,948.0,107.2,0,1,0
45,male,3,highly_skilled,own,little,little,8978,14,car,1,40_49,641.3,0,5210.0,199.5,0,1,0
45,male,2,skilled,own,little,little,2303,24,car,1,40_49,96.0,0,-1465.0,51.2,0,0,0
45,male,1,unskilled_resident,own,little,little,4006,28,car,1,40_49,143.1,0,238.0,89.0,1,1,0
46,male,2,skilled,free,little,little,6331,48,car,1,40_49,131.9,0,2563.0,137.6,1,1,0
46,male,2,skilled,free,little,little,3931,48,car,1,40_49,81.9,0,163.0,85.5,1,0,0
46,male,2,skilled,own,little,little,697,12,car,1,40_49,58.1,0,-3071.0,15.2,0,0,0
47,male,1,unskilled_resident,own,little,little,731,8,car,0,40_49,91.4,0,-3037.0,15.6,0,0,0
47,male,2,skilled,free,NA,little,8335,36,car,1,40_49,231.5,0,4567.0,177.3,1,1,0
48,male,1,unskilled_resident,rent,little,little,2241,10,car,0,40_49,224.1,0,-1527.0,46.7,0,0,0
48,male,2,skilled,own,little,little,1082,12,car,1,40_49,90.2,0,-2686.0,22.5,0,0,0
49,male,2,skilled,own,little,little,1038,10,car,0,40_49,103.8,0,-2730.0,21.2,0,0,0
49,male,2,skilled,free,NA,little,2964,24,car,0,40_49,123.5,0,-804.0,60.5,0,0,0
51,male,2,skilled,free,NA,little,7511,18,car,1,50_plus,417.3,0,3743.0,147.3,0,1,0
53,male,2,skilled,free,little,little,4870,24,car,1,50_plus,202.9,0,1102.0,91.9,0,1,0
54,male,2,skilled,own,little,little,1409,12,car,0,50_plus,117.4,0,-2359.0,26.1,0,0,0
58,female,1,unskilled_resident,free,little,little,6143,48,car,1,50_plus,128.0,0,2375.0,105.9,1,1,0
60,male,1,unskilled_resident,own,little,little,1199,24,car,1,50_plus,50.0,0,-2569.0,20.0,0,0,0
63,male,2,skilled,own,little,little,2924,24,car,0,50_plus,121.8,0,-844.0,46.4,0,0,0
63,male,2,skilled,own,little,little,2957,24,car,0,50_plus,123.2,0,-811.0,46.9,0,0,0
65,male,2,skilled,own,little,little,571,21,car,0,50_plus,27.2,0,-3197.0,8.8,0,0,0
66,male,3,highly_skilled,free,little,little,1526,12,car,0,50_plus,127.2,0,-2242.0,23.1,0,0,0
68,male,3,highly_skilled,own,little,little,14896,6,car,1,50_plus,2482.7,0,11128.0,219.1,0,1,0
75,male,3,highly_skilled,free,little,little,6615,24,car,0,50_plus,275.6,0,2847.0,88.2,0,1,0
75,female,3,highly_skilled,own,NA,little,1374,6,car,0,50_plus,229.0,0,-2394.0,18.3,0,0,0
20,female,1,unskilled_resident,rent,little,moderate,2718,24,car,1,under_30,113.3,0,-1050.0,135.9,0,0,0
21,male,2,skilled,rent,little,moderate,2779,18,car,0,under_30,154.4,0,-989.0,132.3,0,0,0
22,male,2,skilled,own,rich,moderate,1007,12,car,0,under_30,83.9,0,-2761.0,45.8,0,0,0
22,male,1,unskilled_resident,rent,little,moderate,276,9,car,0,under_30,30.7,0,-3492.0,12.5,0,0,0
23,male,0,unskilled_non_resident,own,NA,moderate,14555,6,car,1,under_30,2425.8,0,10787.0,632.8,0,1,0
23,male,1,unskilled_resident,own,little,moderate,1246,24,car,1,under_30,51.9,0,-2522.0,54.2,0,0,0
23,female,3,highly_skilled,rent,little,moderate,11560,24,car,1,under_30,481.7,0,7792.0,502.6,0,1,0
23,female,1,unskilled_resident,own,moderate,moderate,836,12,car,1,under_30,69.7,0,-2932.0,36.3,0,0,0
24,female,2,skilled,own,NA,moderate,8487,48,car,0,under_30,176.8,0,4719.0,353.6,1,1,0
24,female,2,skilled,own,little,moderate,2150,30,car,1,under_30,71.7,0,-1618.0,89.6,1,0,0
24,female,3,highly_skilled,own,moderate,moderate,7408,60,car,1,under_30,123.5,0,3640.0,308.7,1,1,0
24,male,2,skilled,own,moderate,moderate,6560,48,car,1,under_30,136.7,0,2792.0,273.3,1,1,0
24,female,0,unskilled_non_resident,rent,NA,moderate,7472,12,car,0,under_30,622.7,0,3704.0,311.3,0,1,0
25,female,2,skilled,rent,little,moderate,1295,12,car,1,under_30,107.9,0,-2473.0,51.8,0,0,0
25,male,1,unskilled_resident,own,little,moderate,685,12,car,1,under_30,57.1,0,-3083.0,27.4,0,0,0
25,female,1,unskilled_resident,own,little,moderate,1355,24,car,1,under_30,56.5,0,-2413.0,54.2,0,0,0
25,male,2,skilled,rent,moderate,moderate,1264,15,car,1,under_30,84.3,0,-2504.0,50.6,0,0,0
26,male,2,skilled,own,little,moderate,1201,24,car,0,under_30,50.0,0,-2567.0,46.2,0,0,0
26,female,0,unskilled_non_resident,rent,little,moderate,1778,15,car,1,under_30,118.5,0,-1990.0,68.4,0,0,0
27,male,2,skilled,own,moderate,moderate,1995,12,car,0,under_30,166.3,0,-1773.0,73.9,0,0,0
27,male,2,skilled,own,little,moderate,2820,36,car,1,under_30,78.3,0,-948.0,104.4,1,0,0
27,male,3,highly_skilled,own,little,moderate,14027,60,car,1,under_30,233.8,0,10259.0,519.5,1,1,0
27,male,2,skilled,own,moderate,moderate,4576,45,car,0,under_30,101.7,0,808.0,169.5,1,1,0
28,male,3,highly_skilled,own,little,moderate,5234,30,car,1,under_30,174.5,0,1466.0,186.9,1,1,0
28,male,1,unskilled_resident,rent,little,moderate,6260,18,car,0,under_30,347.8,0,2492.0,223.6,0,1,0
28,male,3,highly_skilled,rent,little,moderate,9398,36,car,1,under_30,261.1,0,5630.0,335.6,1,1,0
28,male,3,highly_skilled,own,little,moderate,4249,30,car,1,under_30,141.6,0,481.0,151.8,1,1,0
28,female,2,skilled,rent,moderate,moderate,2631,15,car,1,under_30,175.4,0,-1137.0,94.0,0,0,0
28,female,2,skilled,own,moderate,moderate,2278,18,car,1,under_30,126.6,0,-1490.0,81.4,0,0,0
28,female,2,skilled,rent,quite rich,moderate,4113,24,car,1,under_30,171.4,0,345.0,146.9,0,1,0
29,female,2,skilled,rent,rich,moderate,7758,24,car,0,under_30,323.3,0,3990.0,267.5,0,1,0
29,male,2,skilled,own,moderate,moderate,1437,9,car,1,under_30,159.7,0,-2331.0,49.6,0,0,0
30,male,2,skilled,own,moderate,moderate,5866,18,car,0,30_39,325.9,0,2098.0,195.5,0,1,0
30,male,3,highly_skilled,own,little,moderate,5965,27,car,0,30_39,220.9,0,2197.0,198.8,1,1,0
30,male,2,skilled,own,NA,moderate,2028,12,car,0,30_39,169.0,0,-1740.0,67.6,0,0,0
30,male,2,skilled,own,little,moderate,7966,26,car,0,30_39,306.4,0,4198.0,265.5,1,1,0
30,male,2,skilled,own,little,moderate,1056,18,car,1,30_39,58.7,0,-2712.0,35.2,0,0,0
30,male,2,skilled,free,moderate,moderate,2862,36,car,0,30_39,79.5,0,-906.0,95.4,1,0,0
30,male,2,skilled,rent,little,moderate,2002,12,car,0,30_39,166.8,0,-1766.0,66.7,0,0,0
30,female,2,skilled,own,quite rich,moderate,8358,48,car,0,30_39,174.1,0,4590.0,278.6,1,1,0
31,male,2,skilled,own,moderate,moderate,6148,20,car,0,30_39,307.4,0,2380.0,198.3,0,1,0
32,male,2,skilled,own,little,moderate,6078,12,car,0,30_39,506.5,0,2310.0,189.9,0,1,0
32,female,1,unskilled_resident,own,moderate,moderate,931,6,car,1,30_39,155.2,0,-2837.0,29.1,0,0,0
33,female,2,skilled,own,NA,moderate,1042,18,car,1,30_39,57.9,0,-2726.0,31.6,0,0,0
33,female,1,unskilled_resident,own,NA,moderate,3195,9,car,0,30_39,355.0,0,-573.0,96.8,0,0,0
34,male,3,highly_skilled,own,little,moderate,1860,12,car,0,30_39,155.0,0,-1908.0,54.7,0,0,0
34,male,3,highly_skilled,own,moderate,moderate,6850,15,car,1,30_39,456.7,0,3082.0,201.5,0,1,0
34,male,2,skilled,own,little,moderate,5800,36,car,0,30_39,161.1,0,2032.0,170.6,1,1,0
35,male,3,highly_skilled,rent,little,moderate,6948,36,car,0,30_39,193.0,0,3180.0,198.5,1,1,0
35,male,0,unskilled_non_resident,own,NA,moderate,1549,9,car,0,30_39,172.1,0,-2219.0,44.3,0,0,0
36,male,3,highly_skilled,rent,NA,moderate,7057,20,car,0,30_39,352.9,0,3289.0,196.0,0,1,0
36,male,3,highly_skilled,own,quite rich,moderate,2366,12,car,0,30_39,197.2,0,-1402.0,65.7,0,0,0
36,male,2,skilled,own,little,moderate,884,18,car,1,30_39,49.1,0,-2884.0,24.6,0,0,0
36,male,2,skilled,free,NA,moderate,2760,24,car,0,30_39,115.0,0,-1008.0,76.7,0,0,0
36,male,3,highly_skilled,free,NA,moderate,12169,48,car,0,30_39,253.5,0,8401.0,338.0,1,1,0
36,male,2,skilled,own,NA,moderate,2181,30,car,0,30_39,72.7,0,-1587.0,60.6,1,0,0
37,male,2,skilled,own,moderate,moderate,3878,24,car,0,30_39,161.6,0,110.0,104.8,0,0,0
37,male,2,skilled,free,NA,moderate,12389,36,car,1,30_39,344.1,0,8621.0,334.8,1,1,0
38,male,2,skilled,own,moderate,moderate,3512,24,car,0,30_39,146.3,0,-256.0,92.4,0,0,0
38,female,3,highly_skilled,free,little,moderate,12976,18,car,1,30_39,720.9,0,9208.0,341.5,0,1,0
40,female,2,skilled,own,rich,moderate,1322,11,car,0,40_49,120.2,0,-2446.0,33.0,0,0,0
41,male,1,unskilled_resident,own,little,moderate,888,12,car,1,40_49,74.0,0,-2880.0,21.7,0,0,0
42,female,2,skilled,rent,NA,moderate,1965,24,car,0,40_49,81.9,0,-1803.0,46.8,0,0,0
42,male,3,highly_skilled,own,moderate,moderate,8086,36,car,1,40_49,224.6,0,4318.0,192.5,1,1,0
43,male,2,skilled,own,NA,moderate,2899,18,car,0,40_49,161.1,0,-869.0,67.4,0,0,0
44,female,3,highly_skilled,free,little,moderate,12579,24,car,1,40_49,524.1,0,8811.0,285.9,0,1,0
44,male,2,skilled,own,moderate,moderate,1804,12,car,0,40_49,150.3,0,-1964.0,41.0,0,0,0
46,male,2,skilled,rent,little,moderate,1223,12,car,1,40_49,101.9,0,-2545.0,26.6,0,0,0
47,male,1,unskilled_resident,own,little,moderate,958,12,car,0,40_49,79.8,0,-2810.0,20.4,0,0,0
47,male,3,highly_skilled,own,little,moderate,1209,6,car,1,40_49,201.5,0,-2559.0,25.7,0,0,0
47,male,2,skilled,own,little,moderate,2353,21,car,0,40_49,112.0,0,-1415.0,50.1,0,0,0
49,male,1,unskilled_resident,own,little,moderate,3124,12,car,0,40_49,260.3,0,-644.0,63.8,0,0,0
54,male,2,skilled,own,rich,moderate,1318,12,car,0,50_plus,109.8,0,-2450.0,24.4,0,0,0
54,female,2,skilled,rent,little,moderate,7432,36,car,0,50_plus,206.4,0,3664.0,137.6,1,1,0
55,male,3,highly_skilled,free,little,moderate,9283,42,car,0,50_plus,221.0,0,5515.0,168.8,1,1,0
57,male,2,skilled,free,little,moderate,2225,36,car,1,50_plus,61.8,0,-1543.0,39.0,1,0,0
57,male,3,highly_skilled,free,little,moderate,14318,36,car,1,50_plus,397.7,0,10550.0,251.2,1,1,0
60,male,3,highly_skilled,own,NA,moderate,6468,20,car,0,50_plus,323.4,0,2700.0,107.8,0,1,0
68,male,0,unskilled_non_resident,free,little,moderate,1175,16,car,0,50_plus,73.4,0,-2593.0,17.3,0,0,0
70,male,3,highly_skilled,free,little,moderate,7308,10,car,0,50_plus,730.8,0,3540.0,104.4,0,1,0
74,female,3,highly_skilled,free,little,moderate,5129,9,car,1,50_plus,569.9,0,1361.0,69.3,0,1,0
23,female,3,highly_skilled,own,little,rich,1961,18,car,0,under_30,108.9,0,-1807.0,85.3,0,0,0
26,male,2,skilled,own,little,rich,1330,12,car,0,under_30,110.8,0,-2438.0,51.2,0,0,0
27,male,0,unskilled_non_resident,own,rich,rich,709,6,car,0,under_30,118.2,0,-3059.0,26.3,0,0,0
28,male,2,skilled,own,quite rich,rich,939,12,car,1,under_30,78.3,0,-2829.0,33.5,0,0,0
28,male,2,skilled,own,moderate,rich,1323,6,car,0,under_30,220.5,0,-2445.0,47.3,0,0,0
28,female,3,highly_skilled,own,moderate,rich,2923,21,car,0,under_30,139.2,0,-845.0,104.4,0,0,0
29,male,1,unskilled_resident,own,NA,rich,1494,4,car,0,under_30,373.5,0,-2274.0,51.5,0,0,0
36,female,2,skilled,own,little,rich,2247,12,car,0,30_39,187.3,0,-1521.0,62.4,0,0,0
36,male,2,skilled,own,quite rich,rich,2360,15,car,0,30_39,157.3,0,-1408.0,65.6,0,0,0
37,male,1,unskilled_resident,own,NA,rich,1344,24,car,1,30_39,56.0,0,-2424.0,36.3,0,0,0
37,male,1,unskilled_resident,own,little,rich,3949,10,car,0,30_39,394.9,0,181.0,106.7,0,0,0
38,male,2,skilled,free,little,rich,947,24,car,1,30_39,39.5,0,-2821.0,24.9,0,0,0
46,male,2,skilled,own,little,rich,1343,6,car,0,40_49,223.8,0,-2425.0,29.2,0,0,0
48,female,1,unskilled_resident,free,moderate,rich,1240,10,car,1,40_49,124.0,0,-2528.0,25.8,0,0,0
56,male,2,skilled,free,little,rich,4796,42,car,0,50_plus,114.2,0,1028.0,85.6,1,1,0
63,male,2,skilled,free,little,rich,781,10,car,0,50_plus,78.1,0,-2987.0,12.4,0,0,0
66,male,0,unskilled_non_resident,free,quite rich,rich,1480,12,car,0,50_plus,123.3,0,-2288.0,22.4,0,0,0
74,male,0,unskilled_non_resident,own,little,rich,1299,6,car,0,50_plus,216.5,0,-2469.0,17.6,0,0,0
23,male,1,unskilled_resident,rent,quite rich,NA,660,6,repairs,0,under_30,110.0,1,-2068.0,28.7,0,0,0
23,female,2,skilled,own,NA,NA,996,12,repairs,0,under_30,83.0,1,-1732.0,43.3,0,0,1
23,female,2,skilled,own,little,NA,1943,18,repairs,1,under_30,107.9,1,-785.0,84.5,0,0,0
27,male,2,skilled,own,little,NA,2613,36,repairs,0,under_30,72.6,1,-115.0,96.8,1,0,0
33,male,2,skilled,own,little,NA,2058,24,repairs,0,30_39,85.8,1,-670.0,62.4,0,0,0
44,male,2,skilled,free,little,NA,5507,24,repairs,0,40_49,229.5,1,2779.0,125.2,0,1,0
48,male,2,skilled,own,NA,NA,5190,27,repairs,0,40_49,192.2,1,2462.0,108.1,1,1,1
55,male,2,skilled,free,rich,NA,1555,12,repairs,1,50_plus,129.6,1,-1173.0,28.3,0,0,0
28,male,2,skilled,own,little,little,1108,12,repairs,1,under_30,92.3,0,-1620.0,39.6,0,0,0
34,male,1,unskilled_resident,own,little,little,11998,30,repairs,1,30_39,399.9,0,9270.0,352.9,1,1,0
48,male,2,skilled,own,moderate,little,1288,9,repairs,0,40_49,143.1,0,-1440.0,26.8,0,0,0
55,female,0,unskilled_non_resident,free,little,little,1190,18,repairs,1,50_plus,66.1,0,-1538.0,21.6,0,0,0
65,male,0,unskilled_non_resident,own,little,little,3394,42,repairs,0,50_plus,80.8,0,666.0,52.2,1,0,0
22,male,1,unskilled_resident,own,little,moderate,454,6,repairs,0,under_30,75.7,0,-2274.0,20.6,0,0,0
22,male,2,skilled,own,moderate,moderate,1514,15,repairs,0,under_30,100.9,0,-1214.0,68.8,0,0,0
25,female,1,unskilled_resident,own,moderate,moderate,2631,15,repairs,0,under_30,175.4,0,-97.0,105.2,0,0,0
30,male,2,skilled,own,little,moderate,639,12,repairs,1,30_39,53.3,0,-2089.0,21.3,0,0,0
33,male,1,unskilled_resident,rent,little,moderate,2384,36,repairs,1,30_39,66.2,0,-344.0,72.2,1,0,0
38,male,1,unskilled_resident,own,little,moderate,1308,15,repairs,0,30_39,87.2,0,-1420.0,34.4,0,0,0
44,male,1,unskilled_resident,own,little,moderate,6204,18,repairs,0,40_49,344.7,0,3476.0,141.0,0,1,0
61,male,2,skilled,own,rich,moderate,1512,15,repairs,1,50_plus,100.8,0,-1216.0,24.8,0,0,0
67,female,2,skilled,own,little,moderate,3872,18,repairs,0,50_plus,215.1,0,1144.0,57.8,0,0,0
27,male,1,unskilled_resident,own,little,NA,937,24,education,0,under_30,39.0,1,-1942.0,34.7,0,0,0
30,female,2,skilled,own,moderate,NA,1864,18,education,1,30_39,103.6,1,-1015.0,62.1,0,0,0
31,male,2,skilled,free,little,NA,6110,48,education,0,30_39,127.3,1,3231.0,197.1,1,1,0
31,female,2,skilled,own,moderate,NA,1532,15,education,0,30_39,102.1,1,-1347.0,49.4,0,0,0
32,male,2,skilled,own,little,NA,701,12,education,0,30_39,58.4,1,-2178.0,21.9,0,0,0
33,female,2,skilled,own,NA,NA,1927,24,education,0,30_39,80.3,1,-952.0,58.4,0,0,1
35,male,1,unskilled_resident,free,NA,NA,9055,36,education,0,30_39,251.5,1,6176.0,258.7,1,1,1
35,female,1,unskilled_resident,own,quite rich,NA,3447,12,education,0,30_39,287.3,1,568.0,98.5,0,0,0
36,male,3,highly_skilled,own,NA,NA,1238,6,education,0,30_39,206.3,1,-1641.0,34.4,0,0,1
37,male,2,skilled,free,little,NA,1819,36,education,1,30_39,50.5,1,-1060.0,49.2,1,0,0
37,male,1,unskilled_resident,own,NA,NA,3565,12,education,0,30_39,297.1,1,686.0,96.4,0,0,1
40,male,3,highly_skilled,own,moderate,NA,4623,15,education,1,40_49,308.2,1,1744.0,115.6,0,1,0
40,female,2,skilled,own,NA,NA,894,10,education,0,40_49,89.4,1,-1985.0,22.4,0,0,1
41,male,1,unskilled_resident,own,little,NA,719,12,education,1,40_49,59.9,1,-2160.0,17.5,0,0,0
41,female,1,unskilled_resident,rent,NA,NA,1244,9,education,0,40_49,138.2,1,-1635.0,30.3,0,0,1
46,male,2,skilled,free,quite rich,NA,727,10,education,0,40_49,72.7,1,-2152.0,15.8,0,0,0
47,male,2,skilled,own,little,NA,1393,12,education,0,40_49,116.1,1,-1486.0,29.6,0,0,0
49,male,1,unskilled_resident,own,little,NA,2096,12,education,0,40_49,174.7,1,-783.0,42.8,0,0,0
52,male,2,skilled,own,quite rich,NA,936,9,education,0,50_plus,104.0,1,-1943.0,18.0,0,0,0
54,male,2,skilled,free,little,NA,1597,24,education,0,50_plus,66.5,1,-1282.0,29.6,0,0,0
56,female,2,skilled,own,little,NA,1538,6,education,0,50_plus,256.3,1,-1341.0,27.5,0,0,0
57,female,1,unskilled_resident,free,little,NA,2748,12,education,0,50_plus,229.0,1,-131.0,48.2,0,0,0
61,female,2,skilled,own,NA,NA,2012,12,education,0,50_plus,167.7,1,-867.0,33.0,0,0,1
64,male,1,unskilled_resident,own,NA,NA,3832,9,education,0,50_plus,425.8,1,953.0,59.9,0,0,1
21,male,2,skilled,rent,little,little,902,12,education,1,under_30,75.2,0,-1977.0,43.0,0,0,0
23,female,2,skilled,rent,NA,little,1200,12,education,0,under_30,100.0,0,-1679.0,52.2,0,0,0
23,female,2,skilled,rent,NA,little,8471,18,education,0,under_30,470.6,0,5592.0,368.3,0,1,0
23,female,2,skilled,own,little,little,448,6,education,1,under_30,74.7,0,-2431.0,19.5,0,0,0
25,female,3,highly_skilled,own,little,little,8065,36,education,1,under_30,224.0,0,5186.0,322.6,1,1,0
26,male,2,skilled,own,little,little,3414,21,education,1,under_30,162.6,0,535.0,131.3,0,0,0
27,female,0,unskilled_non_resident,own,little,little,750,18,education,1,under_30,41.7,0,-2129.0,27.8,0,0,0
27,male,2,skilled,own,little,little,5998,40,education,1,under_30,149.9,0,3119.0,222.1,1,1,0
29,male,2,skilled,own,little,little,6887,36,education,1,under_30,191.3,0,4008.0,237.5,1,1,0
35,female,2,skilled,free,little,little,1198,6,education,1,30_39,199.7,0,-1681.0,34.2,0,0,0
40,male,3,highly_skilled,own,NA,little,1977,36,education,1,40_49,54.9,0,-902.0,49.4,1,0,0
40,male,1,unskilled_resident,rent,little,little,684,12,education,1,40_49,57.0,0,-2195.0,17.1,0,0,0
45,male,1,unskilled_resident,own,little,little,339,12,education,0,40_49,28.3,0,-2540.0,7.5,0,0,0
50,male,3,highly_skilled,free,little,little,7476,48,education,0,50_plus,155.8,0,4597.0,149.5,1,1,0
53,female,2,skilled,own,little,little,795,12,education,1,50_plus,66.3,0,-2084.0,15.0,0,0,0
24,female,2,skilled,free,little,moderate,5743,24,education,0,under_30,239.3,0,2864.0,239.3,0,1,0
24,female,2,skilled,rent,rich,moderate,433,6,education,1,under_30,72.2,0,-2446.0,18.0,0,0,0
27,male,2,skilled,own,NA,moderate,3711,36,education,0,under_30,103.1,0,832.0,137.4,1,0,0
31,male,1,unskilled_resident,own,little,moderate,1410,12,education,0,30_39,117.5,0,-1469.0,45.5,0,0,0
32,male,2,skilled,free,rich,moderate,1136,9,education,1,30_39,126.2,0,-1743.0,35.5,0,0,0
32,male,2,skilled,rent,moderate,moderate,11760,39,education,0,30_39,301.5,0,8881.0,367.5,1,1,0
32,male,2,skilled,own,little,moderate,2273,36,education,0,30_39,63.1,0,-606.0,71.0,1,0,0
34,female,3,highly_skilled,own,little,moderate,1501,9,education,1,30_39,166.8,0,-1378.0,44.1,0,0,0
34,female,1,unskilled_resident,free,little,moderate,1837,24,education,1,30_39,76.5,0,-1042.0,54.0,0,0,0
38,male,2,skilled,own,NA,moderate,754,12,education,0,30_39,62.8,0,-2125.0,19.8,0,0,0
39,female,1,unskilled_resident,own,NA,moderate,932,6,education,0,30_39,155.3,0,-1947.0,23.9,0,0,0
42,male,2,skilled,free,little,moderate,6288,60,education,1,40_49,104.8,0,3409.0,149.7,1,1,0
47,male,2,skilled,free,moderate,moderate,12612,36,education,1,40_49,350.3,0,9733.0,268.3,1,1,0
50,male,2,skilled,free,little,moderate,6224,48,education,1,50_plus,129.7,0,3345.0,124.5,1,1,0
61,male,2,skilled,free,NA,moderate,1239,18,education,0,50_plus,68.8,0,-1640.0,20.3,0,0,0
67,female,3,highly_skilled,own,little,moderate,1199,9,education,0,50_plus,133.2,0,-1680.0,17.9,0,0,0
23,female,2,skilled,rent,little,rich,392,15,education,0,under_30,26.1,0,-2487.0,17.0,0,0,0
33,male,2,skilled,rent,little,rich,2319,21,education,1,30_39,110.4,0,-560.0,70.3,0,0,0
40,male,3,highly_skilled,rent,little,rich,1905,15,education,0,40_49,127.0,0,-974.0,47.6,0,0,0
50,female,1,unskilled_resident,own,little,rich,1047,6,education,0,50_plus,174.5,0,-1832.0,20.9,0,0,0
23,female,2,skilled,rent,little,NA,1236,9,domestic appliances,0,under_30,137.3,1,-262.0,53.7,0,0,0
24,female,2,skilled,own,NA,NA,874,15,domestic appliances,0,under_30,58.3,1,-624.0,36.4,0,0,1
36,male,2,skilled,own,quite rich,NA,1262,15,domestic appliances,0,30_39,84.1,1,-236.0,35.1,0,0,0
62,male,2,skilled,own,quite rich,NA,1338,6,domestic appliances,0,50_plus,223.0,1,-160.0,21.6,0,0,0
22,female,2,skilled,own,moderate,little,741,12,domestic appliances,1,under_30,61.8,0,-757.0,33.7,0,0,0
24,female,2,skilled,rent,NA,little,1275,15,domestic appliances,1,under_30,85.0,0,-223.0,53.1,0,0,0
27,female,2,skilled,own,little,little,343,6,domestic appliances,0,under_30,57.2,0,-1155.0,12.7,0,0,0
47,male,1,unskilled_resident,own,little,little,1217,18,domestic appliances,1,40_49,67.6,0,-281.0,25.9,0,0,0
54,male,2,skilled,own,little,little,3051,48,domestic appliances,1,50_plus,63.6,0,1553.0,56.5,1,0,0
26,male,2,skilled,own,little,moderate,1424,12,domestic appliances,0,under_30,118.7,0,-74.0,54.8,0,0,0
29,female,0,unskilled_non_resident,own,NA,moderate,3990,36,domestic appliances,0,under_30,110.8,0,2492.0,137.6,1,1,0
37,male,2,skilled,own,little,rich,1225,10,domestic appliances,0,30_39,122.5,0,-273.0,33.1,0,0,0
